Title,Authors,Contributors,ISBN/UID,Format,Read Status,Date Added,Last Date Read,Dates Read,Read Count,Moods,Pace,Character- or Plot-Driven?,Strong Character Development?,Loveable Characters?,Diverse Characters?,Flawed Characters?,Star Rating,Review,Content Warnings,Content Warning Description,Tags,Owned?
Thors: Battleworld,Jason Aaron,"Goran Sudžuka, Walt Simonson, Chris Sprouse","",digital,read,2022/08/05,"","",1,"adventurous, mysterious",medium,,,,,,4.25,"","","","",No
The Wise Man's Fear,Patrick Rothfuss,"",9780756404734,hardcover,read,2021/04/13,2021/05/20,2021/04/13-2021/05/20,1,"adventurous, dark, funny, mysterious, sad",medium,Plot,It's complicated,It's complicated,Yes,Yes,4.5,"","","","",Yes
The Dark Tower,Stephen King,"","",digital,read,2016/12/26,2022/01/09,2021/12/06-2022/01/09,1,"dark, mysterious, tense",medium,A mix,Yes,Yes,Yes,Yes,4.25,"","","","",No
Empire of Silence,Christopher Ruocchio,"",9780756413019,paperback,read,2022/12/29,2024/01/12,2024/01/01-2024/01/12,1,"adventurous, dark, reflective",slow,Character,Yes,Yes,No,Yes,4.5,"","","","",Yes
The Reformatory,Tananarive Due,"",9781982188344,hardcover,to-read,2026/02/26,"","",0,"",,,,,,,,,"",,"",No
Soul Music,Terry Pratchett,"Peter Serafinowicz (Narrator), Sian Clifford (Narrator), Bill Nighy (Narrator)",B09LZ3YSCL,audio,read,2023/12/08,2024/04/11,2024/04/01-2024/04/11,1,"funny, inspiring",fast,Plot,Yes,Yes,No,No,4.5,"","","","",No
All the Sinners Bleed,S.A. Cosby,"",9781250831910,hardcover,to-read,2026/02/26,"","",0,"",,,,,,,,,"",,"",No
Dynasty of Evil,Drew Karpyshyn,"",9780307796066,digital,read,2020/09/20,"","",1,"",,,,,,,4.0,,"",,"",No
Blood of Elves,Andrzej Sapkowski,Danusia Stok (Translator),9780316029193,paperback,read,2017/10/24,2018/05/21,2018/05/21,1,"",,,,,,,4.0,,"",,"",Yes
The Hunger Games,Suzanne Collins,"",9780439023481,hardcover,read,2016/12/26,"","",1,"",,,,,,,4.0,,"",,"",No
Mockingjay,Suzanne Collins,"",9780439023511,hardcover,read,2016/12/26,"","",1,"",,,,,,,2.0,,"",,"",No
The God Delusion,Richard Dawkins,"",9780618680009,hardcover,read,2016/12/26,"","",1,"",,,,,,,4.0,,"",,"",No
Harry Potter and the Goblet of Fire,J.K. Rowling,Mary GrandPré (Illustrator),9780439139601,paperback,read,2016/12/26,"","",1,"",,,,,,,5.0,,"",,"",No
The Shining,Stephen King,"",9780450040184,paperback,to-read,2026/02/26,"","",0,"",,,,,,,,,"",,"",No
Mother Night,Kurt Vonnegut,"",9780385334143,paperback,to-read,2026/02/26,"","",0,"",,,,,,,,,"",,"",No
Pale Blue Dot: A Vision of the Human Future in Space,"Carl Sagan, Ann Druyan","",9780345376596,paperback,read,2016/12/26,"","",1,"",,,,,,,5.0,,"",,"",No
Oathbringer,Brandon Sanderson,"",9780765326379,hardcover,read,2017/11/15,2022/07/21,2022/05/16-2022/07/21,1,"adventurous, emotional, inspiring",medium,A mix,Yes,Yes,Yes,Yes,5.0,"","","","",Yes
The Time Of Contempt,Andrzej Sapkowski,David French (Translator),9780575090941,paperback,read,2017/10/24,2018/09/24,2018/09/24,2,"",,,,,,,5.0,,"",,"",Yes
Fahrenheit 451,Ray Bradbury,"",9781451673319,paperback,read,2017/12/10,"","",1,"",,,,,,,4.0,,"",,"",No
"Avengers by Jason Aaron, Vol. 1: The Final Host","David Marquez, Jason Aaron, Ed McGuiness, Ed McGuinness, Sara Pichelli, Andrea Sorrentino","",9781302506513,digital,read,2023/02/10,2023/02/13,2023/02/10-2023/02/13,1,"",,,,,,,,,"",,"",No
The Nightingale,Kristin Hannah,"",0312577222,hardcover,read,2024/05/26,2024/12/29,2024/12/22-2024/12/29,1,"challenging, dark, sad, tense",medium,Character,Yes,Yes,No,Yes,5.0,"","","","",Yes
Secret Wars,Jonathan Hickman,Esad Ribic (Illustrator),9780785198840,hardcover,read,2022/08/05,2022/08/10,2022/08/05-2022/08/10,1,"adventurous, dark, emotional",fast,Plot,Yes,No,Yes,Yes,4.75,"","","","",No
Kindred,Octavia E. Butler,Ayọ̀bámi Adébáyọ̀ (Contributor),9781472258229,paperback,read,2022/01/11,2024/01/19,2024/01/12-2024/01/19,1,"dark, emotional, informative, tense",fast,A mix,It's complicated,It's complicated,Yes,It's complicated,5.0,,"Graphic: Racism, Sexual violence, Slavery; Moderate: Rape, Suicide; ","","",Yes
The Fury of the Gods,John Gwynne,"",9780356514260,hardcover,read,2025/03/17,2025/05/31,2025/05/06-2025/05/31,1,"adventurous, dark, emotional, tense",fast,Plot,Yes,Yes,Yes,Yes,4.5,"","","","",No
Dreams of Fire ,Shauna Lawless,"",9781035902156,digital,read,2026/03/10,2026/03/18,2026/03/10-2026/03/18,1,"",,"","","","","",4.0,"","","","",No
A Shadow in Summer,Daniel Abraham,"",9780765313409,hardcover,to-read,2026/02/26,"","",0,"",,,,,,,,,"",,competence,No
The Power of the Dog,Don Winslow,"",9781400096930,paperback,to-read,2026/02/26,"","",0,"",,,,,,,,,"",,"",No
Neuromancer,William Gibson,James Warhola (Illustrator),9780441569564,paperback,read,2020/07/14,2024/06/30,2024/06/19-2024/06/30,1,"dark, emotional, tense",fast,Plot,Yes,Yes,No,No,4.5,"","","","",Yes
Norylska Groans,"Michael R. Fletcher, Clayton W. Snyder","",9798725366846,digital,to-read,2026/02/26,"","",0,"",,,,,,,,,"",,"",No
The Gathering Storm,"Brandon Sanderson, Robert Jordan","",9781250252609,paperback,read,2024/09/25,2024/10/19,2024/09/25-2024/10/19,1,"",,"","","","","",5.0,"","","","",No
Changes,Jim Butcher,"",9780451463470,paperback,read,2021/07/25,2021/08/19,2021/07/25-2021/08/19,1,"",,"","","","","",5.0,"","","","",No
Troublemaker: Surviving Hollywood and Scientology,Leah Remini,Leah Remini (Narrator),9780451482440,audio,read,2026/02/02,2026/02/07,2026/02/02-2026/02/07,1,"emotional, funny, reflective",,,,,,,4.0,"","","","",No
The Path of Daggers,Robert Jordan,"Kate Reading (Narrator), Michael Kramer (Narrator)",9781427205094,audio,read,2023/12/08,2023/12/19,2023/12/08-2023/12/19,1,adventurous,slow,Plot,No,Yes,No,Yes,3.25,"","","","",No
Berserk Deluxe Volume 5,Kentaro Miura,Duane Johnson (Translator),9781506715223,hardcover,read,2025/10/13,2025/10/10,2025/10/06-2025/10/10,1,"",,,,,,,,,"",,"",No
Consider Phlebas,Iain M. Banks,"",9781857231380,paperback,read,2022/12/21,2025/02/03,2025/01/19-2025/02/03,1,"adventurous, tense",fast,Plot,It's complicated,No,No,No,2.75,"","","","",No
The Pilgrims of Rayne,D.J. MacHale,"",9781416917174,paperback,read,2016/12/26,"","",1,"",,,,,,,5.0,,"",,"",No
The Three-Body Problem,Cixin Liu,Ken Liu (Translator),9780765377067,hardcover,to-read,2026/02/26,"","",0,"",,,,,,,,,"",,"",No
Secret Wars,"Gerardo Sandoval, Jim Shooter, Steve Epting, Mike Zeck, Brian Michael Bendis, Ryan Stegman, Ive Svorcina, Chris Eliopoulos, Alex Ross, Paul Renaud, Jonathan Hickman, Hajime Isayama, Sara Pichelli, Clayton Cowles, Esad Ribić, Dale Keown","",,,read,2022/07/12,2023/03/07,2023/03/03-2023/03/07,1,"",,,,,,,,,"",,"",No
The Death of Democracy: Hitler's Rise to Power and the Downfall of the Weimar Republic,Benjamin Carter Hett,Steven Crossley (Narrator),9781427298652,audio,read,2025/01/29,2025/05/06,2025/05/01-2025/05/06,1,"dark, informative, reflective",fast,,,,,,4.0,"","","","",No
Mystic River,Dennis Lehane,"",9780060584757,paperback,to-read,2026/02/26,"","",0,"",,,,,,,,,"",,"",No
Harry Potter and the Sorcerer's Stone,J.K. Rowling,Mary GrandPré (Illustrator),9780590353427,paperback,read,2016/12/26,"","",1,"",,,,,,,5.0,,"",,"",No
Peace Talks,Jim Butcher,James Marsters (Narrator),9780593290705,audio,read,2021/09/27,2022/02/22,2022/02/17-2022/02/22,1,"",slow,A mix,Yes,Yes,Yes,Yes,4.25,"","","","",No
X-Men: Age of Apocalypse Omnibus,"Jeph Loeb, Larry Hama, Howard Mackie, Mark Waid, Warren Ellis, Scott Lobdell, Ian Churchill, Fabian Nicieza","Tony S. Daniel (Illustrator), Joe Madureira (Illustrator), Ron Garney (Illustrator), Andy Kubert (Illustrator), Roger Cruz (Illustrator)",9781302930028,hardcover,read,2024/10/29,2024/11/03,2024/10/29-2024/11/03,1,"",,,,,,,,,"",,"",No
The Lions of Al-Rassan,Guy Gavriel Kay,"",9780060733490,paperback,read,2022/01/02,2025/12/29,2025/12/15-2025/12/29,1,"challenging, emotional, reflective, sad, tense",medium,Character,Yes,Yes,Yes,Yes,4.5,,"","","",No
The Name of the Wind,Patrick Rothfuss,"",075640407X,hardcover,read,2017/10/24,2021/04/05,2021/03/29-2021/04/05,1,"adventurous, dark, funny, mysterious",medium,Plot,Yes,It's complicated,No,Yes,5.0,"","","","",Yes
The Atlantis Complex,Eoin Colfer,"",9781423128199,hardcover,read,2016/12/26,"","",1,"",,,,,,,4.0,,"",,"",No
Wolverine,"Paul Smith, Frank Miller, Chris Claremont","",9780785178248,digital,read,2023/09/03,"","",1,"",,,,,,,,,"",,"",No
In Cold Blood,Truman Capote,"",9780679745587,paperback,to-read,2026/02/26,"","",0,"",,,,,,,,,"",,"",No
The Dark Tower: Fall of Gilead,"Robin Furth, Stephen King, Peter David, Richard Isanove","",,hardcover,read,2022/01/28,2022/02/11,2022/01/28-2022/02/11,1,"",,,,,,,,,"",,"",No
There Is No Antimemetics Division,qntm,"",9798514063031,hardcover,read,2026/02/26,2026/04/09,2026/04/01-2026/04/09,1,"dark, emotional, mysterious, tense",fast,Plot,No,It's complicated,No,No,4.75,"","","",cosmic-horror,No
The Way of Kings,Brandon Sanderson,"",9780765326355,hardcover,read,2017/11/06,2022/02/25,2022/01/19-2022/02/25,1,"adventurous, emotional, hopeful, inspiring",slow,Character,Yes,Yes,Yes,Yes,5.0,,"","","",Yes
The Wars of the Roses: The Fall of the Plantagenets and the Rise of the Tudors,Dan Jones,"",9780670026678,hardcover,to-read,2026/02/26,"","",0,"",,,,,,,,,"",,"",No
Erak's Ransom,John Flanagan,"",1741662095,paperback,read,2016/12/26,"","",1,"",,,,,,,,,"",,"",No
The Lost Colony,Eoin Colfer,"",0786849568,paperback,read,2016/12/26,"","",1,"",,,,,,,,,"",,"",No
Children of Time,Adrian Tchaikovsky,"",9781447273288,hardcover,to-read,2026/02/26,"","",0,"",,,,,,,,,"",,"",Yes
The Mercy of Gods,James S.A. Corey,"",9780316525572,hardcover,read,2025/01/02,2025/01/07,2025/01/01-2025/01/07,1,"dark, emotional, tense",medium,Plot,No,No,Yes,No,3.0,"","","",space-opera,No
"Tomorrow, and Tomorrow, and Tomorrow",Gabrielle Zevin,"Julian Cihi (Narrator), Jennifer Kim (Narrator)",9780593591635,audio,read,2024/04/02,2024/09/10,2024/09/01-2024/09/10,1,"dark, emotional, reflective",slow,Character,Yes,No,No,Yes,2.0,"<div>It spends so much time belittling so-called ""pretentious"" art when it itself is probably the most pretentious book I've ever read. The first 1/2 was kind of interesting but basi ally as soon as they move to California it's one big slog. It's so hard to root for the main two characters as they can't seem to be able to stand each other. You'd think the story would end with them growing close again but nope.</div>","","","",No
Artificial Wisdom,Thomas R. Weaver,"",9781739434304,hardcover,to-read,2026/04/21,"","",0,"",,,,,,,,,"",,"",No
Malice,John Gwynne,"",9780230758452,hardcover,to-read,2026/02/26,"","",0,"",,,,,,,,,"",,"",No
City of Stairs,Robert Jackson Bennett,"",9780804137171,paperback,to-read,2026/02/26,"","",0,"",,,,,,,,,"",,"",No
"Daredevil by Brian Michael Bendis & Alex Maleev: Ultimate Collection, Book 2",Brian Michael Bendis,Alex Maleev (Illustrator),9780785149507,paperback,read,2025/02/10,2025/02/14,2025/02/10-2025/02/14,1,"dark, emotional, mysterious, tense",fast,Character,It's complicated,It's complicated,No,Yes,4.75,"","","","",No
Ender's Game,Orson Scott Card,"",0765342294,paperback,read,2017/12/10,2023/02/22,2023/02/17-2023/02/22,1,"challenging, emotional, tense",fast,Character,Yes,Yes,No,No,5.0,"","","","",No
Demon in White,Christopher Ruocchio,"",9780756413071,paperback,read,2024/02/06,2024/03/17,2024/02/19-2024/03/17,1,"adventurous, dark, tense",fast,A mix,Yes,Yes,Yes,Yes,5.0,"","","","",Yes
Sharp Objects,Gillian Flynn,"",9780804138321,paperback,to-read,2026/02/26,"","",0,"",,,,,,,,,"",,"",No
The Book That Held Her Heart,Mark Lawrence,"",9780593437971,hardcover,read,2024/09/27,2025/07/10,2025/06/25-2025/07/10,1,"adventurous, emotional, mysterious, tense",fast,A mix,Yes,Yes,Yes,No,4.0,"","","",time-travel,No
Chrzest ognia,Andrzej Sapkowski,"","",paperback,read,2018/12/09,"","",1,"",,,,,,,,,"",,"",No
The Ark and the Empire,Michael Livingston,"",9781035919161,paperback,to-read,2026/02/26,"","",0,"",,,,,,,,,"",,"",No
Halt's Peril,John Flanagan,"",9781864715088,digital,read,2016/12/26,"","",1,"",,,,,,,,,"",,"",No
The 7½ Deaths of Evelyn Hardcastle,Stuart Turton,"",9781492670124,paperback,to-read,2026/02/26,"","",0,"",,,,,,,,,"",,time-travel,No
Witches Abroad,Terry Pratchett,"Indira Varma (Narrator), Bill Nighy (Narrator), Peter Serafinowicz (Narrator)","",audio,read,2022/06/16,2022/07/05,2022/06/15-2022/07/05,1,"adventurous, funny, reflective",medium,Character,Yes,Yes,Yes,Yes,4.5,"","","","",No
How to Defeat a Demon King in Ten Easy Steps,Andrew Rowe,"Suzy Jackson (Narrator), Steve West (Narrator)",9781713606499,audio,read,2020/10/29,"","",1,"",,"","","","","",4.5,,"","","",No
Endurance: Shackleton's Incredible Voyage,Alfred Lansing,"",9780786706211,paperback,to-read,2026/02/26,"","",0,"",,,,,,,,,"",,"competence, survival",No
The Lesser Devil,Christopher Ruocchio,"",B0852RDGDH,digital,read,2024/08/06,2024/08/07,2024/08/05-2024/08/07,1,"dark, emotional, reflective, tense",fast,A mix,Yes,No,No,Yes,4.0,"","","","",No
Inside Man,K.J. Parker,"",9781250786142,paperback,to-read,2026/02/26,"","",0,"",,,,,,,,,"",,competence,No
The Carpet Makers,Andreas Eschbach,Doryl Jensen (Translator),9780765314901,paperback,to-read,2026/02/26,"","",0,"",,,,,,,,,"",,"",No
Blood of the Kami,Baptiste Pinson Wu,"",9784991276880,hardcover,to-read,2026/02/26,"","",0,"",,,,,,,,,"",,"self-pub, non-western-fantasy, monster-hunting",No
Last Argument of Kings,Joe Abercrombie,Steven Pacey (Narrator),B014LLWLKU,audio,read,2024/05/30,2024/06/25,2024/05/30-2024/06/25,1,"adventurous, dark, funny, tense",fast,A mix,Yes,No,Yes,Yes,4.75,"","","","",No
Senlin Ascends,Josiah Bancroft,"",9780316517911,paperback,to-read,2026/02/26,"","",0,"",,,,,,,,,"",,"",No
Wounds: Six Stories from the Border of Hell,Nathan Ballingrud,"",9781534449923,hardcover,to-read,2026/02/26,"","",0,"",,,,,,,,,"",,"",No
Returns,Mark Lawrence,"",B0CTYNQGBX,digital,read,2024/04/10,"","",1,"mysterious, reflective",slow,Plot,No,No,No,No,3.5,"","","","",No
World War Z: An Oral History of the Zombie War,Max Brooks,"","",paperback,read,2021/01/25,"","",1,"",,,,,,,,,"",,"",No
Dune,Frank Herbert,"",9780593099322,hardcover,read,2016/12/26,2023/10/14,2023/08/27-2023/10/14,1,"adventurous, challenging, dark, tense",slow,A mix,Yes,No,No,Yes,3.75,"","","","",Yes
Ghost Story,Jim Butcher,"",9780451463791,hardcover,read,2021/09/03,2021/10/02,2021/09/02-2021/10/02,1,"",,"","","","","",4.5,"","","","",No
The Citadel of the Autarch,Gene Wolfe,"",9780671452513,hardcover,to-read,2026/02/26,"","",0,"",,,,,,,,,"",,"",No
The Gone World,Tom Sweterlitsch,"",9780399167508,hardcover,to-read,2026/02/26,"","",0,"",,,,,,,,,"",,time-travel,No
The Shadow of the Gods,John Gwynne,"",9780316539883,paperback,read,2021/01/15,2025/03/16,2025/02/22-2025/03/16,2,"adventurous, tense",fast,Plot,No,Yes,No,No,3.75,"","","",epic,Yes
"Beginnings, Volume 5: The Battle of Jericho Hill","Robin Furth, Jae Lee, Peter David",Stephen King,9781982108298,hardcover,read,2022/02/11,2022/02/22,2022/02/11-2022/02/22,1,"",,,,,,,,,"",,"",No
I Who Have Never Known Men,Jacqueline Harpman,"Ros Schwartz (Translator), Sophie Mackintosh (Contributor)",9781529111798,paperback,to-read,2026/02/26,"","",0,"",,,,,,,,,"",,post-apocalyptic,No
Sherlock Holmes: The Definitive Collection,Arthur Conan Doyle,Stephen Fry (Narrator),B06X3XG5Y6,audio,to-read,2026/02/26,"","",0,"",,,,,,,,,"",,"",No
The Time Paradox,Eoin Colfer,"",B0DSZPB762,hardcover,read,2016/12/26,"","",1,"",,,,,,,,,"",,"",No
Skunk Works: A Personal Memoir of My Years at Lockheed,"Leo Janos, Ben R. Rich","",,paperback,to-read,2026/02/26,"","",0,"",,,,,,,,,"",,"",Yes
Artificial Condition,Martha Wells,Kevin R. Free (Narrator),9781501977831,audio,read,2022/03/26,2022/03/31,2022/03/26-2022/03/31,1,"",fast,Character,No,Yes,Yes,Yes,4.5,"","","","",No
The Children of Gods and Fighting Men,Shauna Lawless,"",9781803282602,digital,read,2026/02/26,2026/03/09,2026/02/26-2026/03/09,1,"adventurous, informative",,"","","","","",4.0,,"","","",No
All Systems Red,Martha Wells,Kevin R. Free (Narrator),9781501977824,audio,read,2020/08/10,2022/03/25,2022/03/23-2022/03/25,1,"adventurous, funny",fast,Character,No,Yes,No,Yes,4.0,"","","","",Yes
Lonesome Dove,Larry McMurtry,Lee Horsley (Narrator),"",audio,to-read,2026/02/26,"","",0,"",,,,,,,,,"",,"",No
Dissolution,Nicholas Binge,"",9780593852163,hardcover,to-read,2026/02/26,"","",0,"",,,,,,,,,"",,"",No
The Great Hunt,Robert Jordan,"Michael Kramer (Narrator), Kate Reading (Narrator)",B00026WUOG,audio,read,2022/01/01,2022/12/31,2022/11/21-2022/12/31,1,"adventurous, tense",fast,A mix,Yes,Yes,Yes,Yes,4.75,"","","","",No
Arcanum Unbounded: The Cosmere Collection,Brandon Sanderson,"",9780765391162,hardcover,read,2020/07/26,2022/05/16,2022/02/25-2022/05/16,1,"",,,,,,,,,"",,"",Yes
Cat's Cradle,Kurt Vonnegut,"",9780140285604,paperback,to-read,2026/02/26,"","",0,"",,,,,,,,,"",,"",No
Feet of Clay,Terry Pratchett,"Peter Serafinowicz (Narrator), Jon Culshaw (Narrator), Bill Nighy (Narrator)",9781473588639,audio,read,2025/07/28,2025/08/13,2025/07/28-2025/08/13,1,"funny, lighthearted, mysterious, tense",fast,A mix,Yes,Yes,Yes,No,4.25,"","","","",No
Specter of the Past,Timothy Zahn,"","",paperback,read,2016/12/26,"","",1,"",,,,,,,4.0,,"",,"",No
Say Nothing: A True Story of Murder and Memory in Northern Ireland,Patrick Radden Keefe,"",9780385521314,hardcover,to-read,2026/02/26,"","",0,"",,,,,,,,,"",,"",No
Do Androids Dream of Electric Sheep?,Philip K. Dick,"",1568658559,hardcover,read,2021/12/31,2024/07/08,2024/07/08-2024/07/08,1,"dark, mysterious, reflective, tense",fast,Plot,Yes,It's complicated,No,Yes,4.75,"","","","",No
The Blade Itself,Joe Abercrombie,Steven Pacey (Narrator),9781478935780,audio,read,2019/05/22,2024/05/05,2024/04/17-2024/05/05,1,"dark, funny",medium,Character,Yes,No,Yes,Yes,4.0,"","","","",Yes
How to Avoid a Climate Disaster: The Solutions We Have and the Breakthroughs We Need,Bill Gates,"","",,read,2021/05/11,2021/06/29,2021/05/11-2021/06/29,1,"",,,,,,,,,"",,"",No
The Last Command,Timothy Zahn,"",9880553564921,paperback,read,2016/12/26,"","",1,"",,,,,,,5.0,,"",,"",No
Path of Destruction,Drew Karpyshyn,"",9780345477361,hardcover,read,2020/09/20,"","",1,"",,,,,,,5.0,,"",,"",No
They Mostly Come Out at Night,Benedict Patrick,"",B01DL8S8F6,digital,to-read,2026/02/26,"","",0,"",,,,,,,,,"",,self-pub,No
Raven's Gate,Anthony Horowitz,"",9780439680097,paperback,read,2016/12/26,"","",1,"",,,,,,,,,"",,"",No
Eagle Strike,Anthony Horowitz,"",0142406139,paperback,read,2016/12/26,"","",1,"",,,,,,,,,"",,"",No
Wind and Truth,Brandon Sanderson,"",9781399601313,hardcover,read,2024/12/09,2024/12/18,2024/12/06-2024/12/18,1,"adventurous, dark, emotional, hopeful, tense",fast,Character,Yes,Yes,Yes,It's complicated,4.75,,"","","",Yes
City of Vengeance,D.V. Bishop,"",9781529038781,paperback,to-read,2026/02/26,"","",0,"",,,,,,,,,"",,"",No
Making History,K.J. Parker,"",9781250835789,paperback,to-read,2026/02/26,"","",0,"",,,,,,,,,"",,"",No
Blood Meridian,Cormac McCarthy,"",9780330544580,paperback,to-read,2026/02/26,"","",0,"",,,,,,,,,"",,"",No
Onyx Storm,Rebecca Yarros,"",9781649377159,hardcover,to-read,2026/02/27,"","",0,"",,,,,,,,,"",,"",No
Yumi and the Nightmare Painter,Brandon Sanderson,Aliya Chen (Illustrator),9781250899699,hardcover,read,2023/08/14,2023/08/27,2023/08/14-2023/08/27,1,"adventurous, emotional, tense",fast,Character,Yes,Yes,No,Yes,4.5,,"","","",Yes
Shadows Upon Time,Christopher Ruocchio,"",9780756420000,hardcover,read,2025/10/01,2025/12/14,2025/11/18-2025/12/14,1,"adventurous, dark, emotional, inspiring, mysterious",fast,A mix,Yes,Yes,Yes,Yes,5.0,"","","","",No
Ordinary Men,Christopher R. Browning,"",9780060995065,paperback,to-read,2026/02/26,"","",0,"",,,,,,,,,"",,"",No
The Angel Experiment,James Patterson,"","",digital,read,2017/11/16,"","",1,"",,,,,,,,,"",,"",No
The Silmarillion,J.R.R. Tolkien,Christopher Tolkien (Contributor),9780007173020,hardcover,read,2017/11/15,2020/12/17,2020/12/17,3,"",,,,,,,4.0,,"",,"",Yes
The Paper Menagerie and Other Stories,Ken Liu,"",9781481442541,hardcover,read,2022/07/17,2024/09/17,2024/05/25-2024/09/17,1,"dark, emotional, inspiring, reflective",medium,Plot,No,It's complicated,No,It's complicated,4.75,"","","","",No
The Plot Against America,Philip Roth,"",9781400079490,paperback,to-read,2026/02/26,"","",0,"",,,,,,,,,"",,"",No
The Drawing of the Three,Stephen King,Frank Muller (Narrator),"",audio,read,2016/12/26,2019/07/28,2019/07/28,1,"",,,,,,,4.0,,"",,"",No
The Poet Empress,Shen Tao,"","",digital,to-read,2026/03/03,"","",0,"",,,,,,,,,"",,"",No
Jurassic Park,Michael Crichton,"",9780345538987,paperback,to-read,2026/02/26,"","",1,"",,,,,,,5.0,,"",,"",No
The Sorceress,Michael Scott,"",9780385735292,hardcover,read,2016/12/26,"","",1,"",,,,,,,4.0,,"",,"",No
The Player of Games,Iain M. Banks,"",9780061053566,paperback,read,2022/12/21,2025/04/10,2025/03/28-2025/04/10,1,"challenging, reflective, tense",fast,A mix,Yes,No,No,Yes,4.0,"","","",competence,No
Soulbrand,Andrew Rowe,"",B094NVVNP4,digital,did-not-finish,2022/11/05,"","",0,"",,,,,,,,,"",,"",No
"Bad Astronomy: Misconceptions and Misuses Revealed, from Astrology to the Moon Landing ""hoax""",Philip Plait,"","",,read,2016/12/26,"","",1,"",,,,,,,4.0,,"",,"",No
The Fires of Heaven,Robert Jordan,"Kate Reading (Narrator), Michael Kramer (Narrator)",B0007ZK396,audio,read,2023/07/06,2023/07/22,2023/06/19-2023/07/22,1,"adventurous, emotional, tense",fast,Plot,Yes,Yes,No,Yes,4.0,"","","","",No
Blood Rites,Jim Butcher,"",9780451459879,paperback,read,2020/11/15,2020/11/22,2020/11/22,1,"",,,,,,,4.0,,"",,"",No
"Daredevil by Brian Michael Bendis & Alex Maleev: Ultimate Collection, Book 1",Brian Michael Bendis,Alex Maleev (Illustrator),9780785143888,paperback,read,2025/02/10,2025/02/10,2025/02/01-2025/02/10,1,"dark, emotional, mysterious, tense",fast,Character,It's complicated,It's complicated,No,Yes,4.0,"","","","",No
The Left Hand of Darkness,Ursula K. Le Guin,"",9780441007318,paperback,read,2021/01/20,2024/06/19,2024/06/07-2024/06/19,1,"challenging, emotional, reflective",medium,Plot,Yes,It's complicated,No,Yes,3.25,"","","","",No
Heir to the Empire,Timothy Zahn,"",9781473583580,digital,read,2016/12/26,"","",1,"",,,,,,,5.0,,"",,"",No
Crime and Punishment,Fyodor Dostoevsky,"",9781587263347,paperback,to-read,2026/02/26,"","",0,"",,,,,,,,,"",,"",No
A Canticle for Leibowitz,"Walter M. Miller, Jr.",Mary Doria Russell (Contributor),9780060892999,paperback,read,2021/06/24,2025/08/16,2025/08/06-2025/08/16,1,"challenging, dark, funny, inspiring, reflective",slow,Plot,No,It's complicated,No,No,4.75,"","","",post-apocalyptic,Yes
Mistborn Trilogy,Brandon Sanderson,"",B004H1TQBW,digital,read,2020/09/23,2020/09/23,2020/09/23,1,"",,,,,,,5.0,,"",,"",No
The Chronicles of Narnia Complete 7-Book Collection: All 7 Books Plus Bonus Book: Boxen,C.S. Lewis,Pauline Baynes (Illustrator),9780062245762,digital,read,2017/12/10,"","",1,"",,,,,,,,,"",,"",No
The Quillan Games,D.J. MacHale,"",,paperback,read,2016/12/26,"","",1,"",,,,,,,5.0,,"",,"",No
Ender's Shadow,Orson Scott Card,"",9780812575712,paperback,read,2023/06/18,2023/06/18,2023/06/13-2023/06/18,1,"dark, emotional, tense",fast,A mix,Yes,It's complicated,No,Yes,4.25,,"","","",No
The Demon-Haunted World: Science as a Candle in the Dark,"Carl Sagan, Ann Druyan","",,,did-not-finish,2017/03/22,"","",0,"",,,,,,,,,"",,"",Yes
The Gate of the Feral Gods,Matt Dinniman,Jeff Hays (Narrator),B09GD882BQ,audio,read,2025/01/21,2025/02/06,2025/01/21-2025/02/06,1,"adventurous, funny, tense",fast,A mix,No,Yes,Yes,No,4.25,"","","","",Yes
The Complete Maus,Art Spiegelman,"",9780141014081,paperback,read,2022/09/11,2022/09/16,2022/09/11-2022/09/16,1,"dark, emotional, reflective, sad",medium,,,,,,5.0,"","Graphic: Child death, Death, Racism, Rape, Slavery, Suicide, Torture, Antisemitism, Kidnapping, Death of parent, Murder, War; ","","",No
Gardens of the Moon,Steven Erikson,"",9780765348784,paperback,to-read,2026/02/26,"","",0,"",,,,,,,,,"",,"",No
Shadows of Self,Brandon Sanderson,Michael Kramer (Narrator),9781427262240,audio,read,2017/11/15,2022/01/04,2021/12/26-2022/01/04,1,"adventurous, emotional",fast,Plot,No,Yes,No,"",5.0,"","","","",No
"Thor: God of Thunder, Volume 2: Godbomb",Jason Aaron,"Tom Palmer Sr., Esad Ribić, Jackson Butch Guice",9780785168430,hardcover,read,2022/05/29,2022/06/07,2022/05/28-2022/06/07,1,adventurous,fast,Plot,No,Yes,Yes,Yes,4.25,"","","","",No
Frankenstein,Mary Shelley,Maurice Hindle (Contributor),9780141439471,paperback,read,2020/09/24,2025/11/04,2025/11/02-2025/11/04,1,"challenging, dark, mysterious, tense",medium,A mix,Yes,No,No,Yes,3.75,,"","","",No
North and South,John Jakes,"",9780451200815,paperback,to-read,2026/02/26,"","",0,"",,,,,,,,,"",,"",No
Ring Shout,P. Djèlí Clark,"",9781250767028,hardcover,to-read,2026/02/26,"","",0,"",,,,,,,,,"",,cosmic-horror,No
"An Astronaut's Guide to Life on Earth: What Going to Space Taught Me about Ingenuity, Determination, and Being Prepared for Anything",Chris Hadfield,"",9780316253017,hardcover,read,2019/06/26,"","",1,"",,,,,,,4.0,,"",,"",No
Absolute All-Star Superman,Grant Morrison,"Neal Adams (Illustrator), Frank Quitely (Illustrator)",9781401229177,hardcover,read,2025/07/20,2025/07/22,2025/07/20-2025/07/22,1,"adventurous, emotional",fast,Plot,Yes,Yes,No,Yes,4.0,"","","","",No
The Sword of the Lictor,Gene Wolfe,"",9780671435950,hardcover,to-read,2026/02/26,"","",0,"",,,,,,,,,"",,"",No
The Search,"Bryan Konietzko, Michael Dante DiMartino, Gene Luen Yang",Gurihiru (Illustrator),9781616552268,hardcover,read,2020/09/13,"","",1,"",,,,,,,,,"",,"",Yes
The Titan's Curse,Rick Riordan,"",9780545057042,paperback,read,2016/12/26,"","",1,"",,,,,,,5.0,,"",,"",No
Diamantine,Andrew Rowe,Nick Podehl (Narrator),B084JNMF2Z,audio,read,2022/09/05,2022/09/21,2022/09/05-2022/09/21,1,"adventurous, funny, lighthearted",fast,Plot,No,Yes,No,Yes,2.75,,"","","",No
Harry Potter: The Prequel,J.K. Rowling,"",9781156923443,digital,read,2017/11/15,"","",1,"",,,,,,,,,"",,"",No
Point Blank,Anthony Horowitz,"","",paperback,read,2016/12/26,"","",1,"",,,,,,,,,"",,"",No
Mort,Terry Pratchett,"Sian Clifford (Narrator), Peter Serafinowicz (Narrator), Bill Nighy (Narrator)","",audio,read,2021/01/15,2023/03/18,2023/01/25-2023/03/18,1,"adventurous, funny, lighthearted, reflective",fast,Character,Yes,Yes,No,Yes,4.5,"","","","",No
Murder at Spindle Manor,Morgan Stang,"",B0BJ4LVXB2,digital,read,2024/01/28,2025/02/17,2025/02/14-2025/02/17,1,"lighthearted, mysterious, tense",fast,Plot,No,Yes,Yes,No,4.5,"","","","self-pub, urban-fantasy",No
The Reality Bug,D.J. MacHale,"",9780743437349,paperback,read,2016/12/26,"","",1,"",,,,,,,5.0,,"",,"",No
The Library at Mount Char,Scott Hawkins,"",9780553418620,paperback,read,2022/01/02,2024/10/30,2024/10/20-2024/10/30,1,"dark, funny, reflective, tense",fast,Character,Yes,It's complicated,No,Yes,4.5,"","","","",No
The Ultimate Hitchhiker's Guide to the Galaxy,Douglas Adams,"","",paperback,read,2016/12/26,"","",1,"",,,,,,,,,"",,"",Yes
Modern Romance,Aziz Ansari,"","",digital,read,2016/12/26,"","",1,"",,,,,,,3.0,,"",,"",No
Altered Carbon,Richard K. Morgan,"",9780345457691,paperback,to-read,2026/02/26,"","",0,"",,,,,,,,,"",,"",No
Scorpia Rising,Anthony Horowitz,"","",paperback,read,2016/12/26,"","",1,"",,,,,,,,,"",,"",No
Hyperion,Dan Simmons,"",9780553283686,paperback,to-read,2026/02/26,"","",0,"",,,,,,,,,"",,"",No
The Emperor of Nihon-Ja,John Flanagan,"",9781741664485,paperback,read,2016/12/26,"","",1,"",,,,,,,,,"",,"",No
Newcomer,Keigo Higashino,Giles Murray (Translator),9781250067869,hardcover,to-read,2026/02/26,"","",0,"",,,,,,,,,"",,"",No
A Night in the Lonesome October,Roger Zelazny,Gahan Wilson (Illustrator),9780380771417,paperback,read,2022/10/25,2022/11/13,2022/10/27-2022/11/13,1,"dark, funny, mysterious, relaxing",medium,Plot,No,Yes,Yes,No,3.5,,"","","",No
Raising Steam ,Terry Pratchett,"",9780857522276,hardcover,to-read,2026/02/26,"","",0,"",,,,,,,,,"",,"",No
Artemis Fowl and the Arctic Incident,Eoin Colfer,"",9780241335598,paperback,read,2016/12/26,"","",1,"",,,,,,,,,"",,"",No
The Lies of Locke Lamora,Scott Lynch,"",9780553804676,hardcover,to-read,2026/02/26,"","",0,"",,,,,,,,,"",,"",No
The Blood of Olympus,Rick Riordan,"",B00FRVH3V6,digital,read,2016/12/26,"","",1,"",,,,,,,4.0,,"",,"",No
Swan Song,Robert R. McCammon,"",9780671741037,paperback,to-read,2026/02/26,"","",0,"",,,,,,,,,"",,post-apocalyptic,No
The Eternity Code,Eoin Colfer,"",,digital,read,2016/12/26,"","",1,"",,,,,,,,,"",,"",No
Slaughterhouse-Five,Kurt Vonnegut,"",9780385333849,paperback,read,2024/11/28,2025/11/08,2025/11/04-2025/11/08,1,"dark, emotional, funny, reflective, tense",fast,Character,It's complicated,Yes,No,It's complicated,5.0,<div>I'm reading this for the first time in 2025 and am absolutely floored. Try to go in blind if you can.</div>,"","","",Yes
A Feast for Crows,George R.R. Martin,"",055358202X,paperback,read,2016/12/26,2017/08/09,2017/08/09,1,"",,,,,,,4.0,,"",,"",No
Nettle & Bone,T. Kingfisher,"",9781250244048,hardcover,to-read,2026/02/26,"","",0,"",,,,,,,,,"",,"",No
"The Mighty Thor, Vol. 4: The War Thor",Jason Aaron,Russell Dauterman (Illustrator),9781302906580,hardcover,read,2023/01/27,2023/01/25,2023/01/25-2023/01/25,1,"adventurous, dark, tense",fast,Plot,Yes,Yes,No,No,4.5,"","","","",No
Lord of Emperors,Guy Gavriel Kay,"",9780061020025,paperback,to-read,2026/02/26,"","",0,"",,,,,,,,,"",,"",No
The Ruins of Gorlan,John Flanagan,"","",paperback,read,2016/12/26,"","",1,"",,,,,,,,,"",,"",No
2001: A Space Odyssey,Arthur C. Clarke,"",9780451457998,paperback,read,2016/12/26,"","",1,"",,,,,,,4.0,,"",,"",No
The Lost Hero,Rick Riordan,"",9781423145400,digital,read,2016/12/26,"","",1,"",,,,,,,5.0,,"",,"",No
It,Stephen King,"",9780450411434,paperback,to-read,2026/02/26,"","",0,"",,,,,,,,,"",,"",No
Born a Crime: Stories from a South African Childhood,Trevor Noah,Trevor Noah (Narrator),9781531865030,audio,read,2022/01/02,2022/05/23,2022/05/16-2022/05/23,1,"emotional, funny, informative, reflective",fast,,,,,,5.0,"","","","",Yes
The Curse of Chalion,Lois McMaster Bujold,"",9780007133611,paperback,to-read,2026/02/26,"","",0,"",,,,,,,,,"",,"",No
Station Eleven,Emily St. John Mandel,"",9780385353304,hardcover,read,2022/11/07,2023/07/28,2023/07/23-2023/07/28,1,"dark, emotional, hopeful, inspiring, mysterious, reflective, relaxing",slow,Character,Yes,Yes,No,Yes,5.0,"","","","",No
Berserk Deluxe Volume 7,Kentaro Miura,Duane Johnson (Translator),9781506717906,hardcover,read,2026/02/24,2026/02/26,2026/02/24-2026/02/26,1,"",,"","","","","",4.5,"","","","",No
Best Served Cold,Joe Abercrombie,Steven Pacey (Narrator),9781409132615,audio,read,2021/04/29,2024/07/19,2024/06/26-2024/07/19,1,"adventurous, dark, emotional, tense",fast,A mix,Yes,It's complicated,Yes,Yes,5.0,"","","","",Yes
A Wizard of Earthsea,Ursula K. Le Guin,"",9780553383041,paperback,to-read,2026/02/26,"","",0,"",,,,,,,,,"",,"",Yes
The Hero of Ages,Brandon Sanderson,"","",digital,read,2020/09/08,2020/09/23,2020/09/23,1,"",,,,,,,5.0,,"",,"",Yes
Dreams of the Dying,Nicolas Lietzau,"",9783982216737,hardcover,to-read,2026/02/26,"","",0,"",,,,,,,,,"",,"self-pub, grimdark",No
Batman: Year One,Frank Miller,"Richmond Lewis (Illustrator), David Mazzucchelli (Illustrator)",9781401207526,paperback,read,2022/05/19,2022/05/22,2022/05/19-2022/05/22,1,"dark, mysterious, tense",fast,Plot,It's complicated,Yes,No,Yes,4.0,"","","","",No
The Grace of Kings,Ken Liu,"",9781481424271,hardcover,to-read,2026/02/26,"","",0,"",,,,,,,,,"",,"",No
From a Certain Point of View,Elizabeth Schaefer,"Matt Fraction, Adam Christopher, Jason Fry, Pierce Brown, Elizabeth Wein, January LaVoy (Narrator), Chuck Wendig, Gary Whitta, Janina Gavankar (Narrator), Kieron Gillen, Cavan Scott, Ashley Eckstein (Narrator), Glen Weldon, Renée Ahdieh, Mur Lafferty, Gary D. Schmidt, Ken Liu, Griffin McElroy, Saskia Maarleveld (Narrator), Paul Dini, Zoraida Córdova, Ben Blacker, Marc Thompson (Narrator), Ashley Eckstein, Claudia Gray, Sabaa Tahir, Neil Patrick Harris (Narrator), Kelly Sue DeConnick, Christie Golden, Delilah S. Dawson, Nnedi Okorafor, Rae Carson, Jonathan Davis (Narrator), Charles Soule, Jon Hamm (Narrator), Pablo Hidalgo, Ian Doescher, Wil Wheaton, Paul S. Kemp, Madeleine Roux, Greg Rucka, Ben Acker, John Jackson Miller, Tom Angleberger, Daniel José Older (Narrator), Alexander Freed, Carol Monda (Narrator), Daniel José Older, E.K. Johnston, Beth Revis, Meg Cabot, Jeffrey Brown",9780451486226,audio,did-not-finish,2023/05/06,"","",0,"",,,,,,,,,"",,"",No
Bad Blood: Secrets and Lies in a Silicon Valley Startup,John Carreyrou,"",9781524731656,hardcover,to-read,2026/02/26,"","",0,"",,,,,,,,,"",,"",No
Herald,Rob J. Hayes,"","",digital,to-read,2026/02/26,"","",0,"",,,,,,,,,"",,self-pub,Yes
Timeline,Michael Crichton,"",9780099244721,paperback,to-read,2026/02/26,"","",0,"",,,,,,,,,"",,"",No
Harry Potter and the Cursed Child - Parts One and Two,Jack Thorne,"J.K. Rowling, John Tiffany",9780751565355,hardcover,read,2016/12/26,"","",1,"",,,,,,,1.0,,"",,"",No
Something Wicked This Way Comes,Ray Bradbury,"",9780380729401,paperback,to-read,2026/02/26,"","",0,"",,,,,,,,,"",,"",No
The Soldiers of Halla,D.J. MacHale,"",,digital,read,2016/12/26,"","",1,"",,,,,,,5.0,,"",,"",No
Damascus Station,David McCloskey,"",9780393881042,hardcover,to-read,2026/02/26,"","",0,"",,,,,,,,,"",,"",No
Guards! Guards!,Terry Pratchett,"Ben Aaronovitch (Narrator), Bill Nighy (Narrator), Peter Serafinowicz (Narrator), Jon Culshaw (Narrator)",9781473588165,audio,read,2025/06/25,2025/07/07,2025/06/25-2025/07/07,1,"funny, mysterious, tense",fast,A mix,Yes,Yes,No,It's complicated,4.75,"","","","",No
The Slow Regard of Silent Things,Patrick Rothfuss,Nate Taylor,9780756410438,hardcover,read,2021/05/26,2021/06/02,2021/05/26-2021/06/02,1,"",,"","","","","",3.0,"","","","",Yes
The Alchemyst,Michael Scott,"",9780385733571,hardcover,read,2016/12/26,"","",1,"",,,,,,,5.0,,"",,"",No
Batman: Dark Victory,"Jeph Loeb, Tim Sale","","",,read,2022/12/29,2023/03/01,2023/02/24-2023/03/01,1,"dark, mysterious, tense",fast,Plot,No,No,No,No,4.0,"","","","",No
Blood Brothers Beyond,Rob J. Hayes,"",B0DQL6XHGW,digital,to-read,2026/02/26,"","",0,"",,,,,,,,,"",,"",No
Stormbird,Conn Iggulden,"",9780718159832,hardcover,to-read,2026/02/26,"","",0,"",,,,,,,,,"",,"",No
Season of Storms,Andrzej Sapkowski,David French (Translator),9780316441636,hardcover,read,2019/02/05,"","",1,"",,,,,,,4.0,,"",,"",Yes
Different Seasons,Stephen King,"",9780751514629,paperback,to-read,2026/02/26,"","",0,"",,,,,,,,,"",,"",No
Six Sacred Swords,Andrew Rowe,Nick Podehl (Narrator),B07R8GK7NR,audio,read,2022/08/16,2022/09/02,2022/08/18-2022/09/02,1,"adventurous, funny, lighthearted",fast,Plot,No,Yes,No,No,3.5,,"","","",Yes
Kingdoms of Death,Christopher Ruocchio,"",9780756413095,hardcover,read,2024/02/06,2024/04/29,2024/04/21-2024/04/29,1,"dark, emotional, tense",medium,Character,Yes,Yes,No,Yes,4.5,"","","","",No
The Winter King,Bernard Cornwell,"",9780312156961,paperback,to-read,2026/02/26,"","",0,"",,,,,,,,,"",,"",No
The Urth of the New Sun,Gene Wolfe,"",9780312863944,paperback,to-read,2026/02/26,"","",0,"",,,,,,,,,"",,"",No
The Frugal Wizard's Handbook for Surviving Medieval England,Brandon Sanderson,Steve Argyle (Illustrator),9781250899675,hardcover,read,2023/06/18,2023/07/06,2023/06/19-2023/07/06,1,"adventurous, funny, lighthearted",fast,Character,Yes,Yes,No,Yes,3.75,,"","","",Yes
A Trick of Light,"Tbd, Ryan Silbert, Kat Rosenfield, Stan Lee, Luke Lieberman","",,audio,read,2020/12/06,2020/12/17,2020/12/17,1,"",,,,,,,,,"",,"",No
The Rift,"Bryan Konietzko, Michael Dante DiMartino, Gene Luen Yang",Gurihiru (Illustrator),9781616555504,hardcover,read,2020/09/13,"","",1,"",,,,,,,,,"",,"",Yes
"The Wager: A Tale of Shipwreck, Mutiny, and Murder",David Grann,"",9780385534260,hardcover,to-read,2026/02/26,"","",0,"",,,,,,,,,"",,survival,No
A Knight of the Seven Kingdoms,George R.R. Martin,Gary Gianni (Illustrator),9780345533487,hardcover,read,2017/01/04,2017/11/18,2017/11/18,1,"",,,,,,,5.0,,"",,"",Yes
Nobody's Girl: A Memoir of Surviving Abuse and Fighting for Justice,Virginia Roberts Giuffre,"Gabra Zackman (Narrator), Thérèse Plummer (Narrator)",9780593830406,audio,read,2026/02/26,2026/03/09,2026/02/26-2026/03/09,1,"dark, sad",,,,,,,4.75,"","","","",No
The Last Kingdom,Bernard Cornwell,"",9780060887186,paperback,to-read,2026/02/26,"","",0,"",,,,,,,,,"",,"",No
The House of Hades,Rick Riordan,"",9781423155157,digital,read,2016/12/26,"","",1,"",,,,,,,4.0,,"",,"",No
The Ballad of Black Tom,Victor LaValle,"",9780765387868,paperback,read,2023/12/27,2024/11/03,2024/11/03-2024/11/03,1,"dark, mysterious, tense",fast,Character,Yes,No,No,Yes,4.5,"","","","",No
First Mage on the Moon,Cameron Johnston,"",9781915998064,paperback,to-read,2026/02/26,"","",0,"",,,,,,,,,"",,"",No
To Sleep in a Sea of Stars,Christopher Paolini,"",9781250762849,hardcover,read,2020/07/23,2020/11/02,2020/11/02,1,"adventurous, dark",slow,,It's complicated,"",Yes,"",3.5,,"","","",Yes
Pet Sematary,Stephen King,"",9781529378306,paperback,read,2020/08/10,2025/10/31,2025/10/19-2025/10/31,1,"dark, emotional, tense",medium,Character,Yes,Yes,No,Yes,4.5,"","","","",No
Summer Knight,Jim Butcher,"",9780451458926,paperback,read,2020/10/29,"","",1,"",,,,,,,4.0,,"",,"",No
"Thor: God of Thunder, Volume 4: The Last Days of Midgard","Jason Aaron, Agustín Alessio, Esad Ribić","",,,read,2022/06/16,2022/07/08,2022/06/15-2022/07/08,1,adventurous,fast,Plot,Yes,Yes,No,Yes,4.25,"","","","",No
Use of Weapons,Iain M. Banks,"",9781857231359,paperback,to-read,2026/02/26,"","",0,"",,,,,,,,,"",,"",No
The Road to Jonestown: Jim Jones and Peoples Temple,Jeff Guinn,"",9781476763835,paperback,to-read,2026/02/26,"","",0,"",,,,,,,,,"",,"",No
On the Shoulders of Titans,Andrew Rowe,Nick Podehl (Narrator),"",audio,read,2022/04/22,2022/05/16,2022/04/22-2022/05/16,1,"",,,,,,,,,"",,"",Yes
Dracula,Bram Stoker,"Nina Auerbach (Contributor), David J. Skal (Contributor)",9780393970128,paperback,read,2022/01/02,2023/11/07,2023/05/26-2023/11/07,1,"challenging, dark, mysterious, tense",slow,A mix,Yes,Yes,No,No,4.0,"","","","",No
Eragon,Christopher Paolini,"",9780756949143,hardcover,read,2016/12/26,"","",1,"",,,,,,,4.0,,"",,"",No
The Lost Symbol,Dan Brown,"",9780385504225,hardcover,read,2016/12/26,"","",1,"",,,,,,,4.0,,"",,"",No
Red Rising,Pierce Brown,Tim Gerard Reynolds (Narrator),9781464042164,audio,read,2020/09/18,2025/12/27,2025/12/21-2025/12/27,1,"adventurous, dark, tense",fast,A mix,No,Yes,No,It's complicated,3.5,"","","",space-opera,No
The Children of Húrin,J.R.R. Tolkien,"Christopher Tolkien (Contributor), Alan Lee (Illustrator)",9780007246229,hardcover,read,2017/11/15,"","",1,"",,,,,,,5.0,,"",,"",Yes
The Magician,Michael Scott,"",0385737289,paperback,read,2016/12/26,"","",1,"",,,,,,,4.0,,"",,"",No
Brief Cases: More Stories from The Dresden Files,Jim Butcher,James Marsters (Narrator),9780356511702,audio,read,2021/09/27,2022/02/17,2022/02/03-2022/02/17,1,"",,"","","","","",4.0,,"","","",No
Before They Are Hanged,Joe Abercrombie,Steven Pacey (Narrator),9781478907824,audio,read,2024/05/06,2024/05/27,2024/05/05-2024/05/27,1,"adventurous, dark, funny, tense",fast,Character,Yes,Yes,Yes,Yes,4.5,"","","","",No
The Fisherman,John Langan,"",9781939905215,paperback,to-read,2026/02/26,"","",0,"",,,,,,,,,"",,cosmic-horror,No
Blindsight,Peter Watts,"",9780765312181,hardcover,to-read,2026/02/26,"","",0,"",,,,,,,,,"",,"",No
The Green Mile,Stephen King,"",9780451933027,paperback,to-read,2026/02/26,"","",0,"",,,,,,,,,"",,"",No
Original Sin: Thor & Loki: The Tenth Realm,"Simone Bianchi, Marco Checchetto, Jason Aaron, Al Ewing, Szymon Kudranski, Lee Garbett","",,paperback,read,2022/07/06,"","",1,adventurous,fast,Plot,No,No,No,Yes,3.75,"","","","",No
Snakehead,Anthony Horowitz,"","",paperback,read,2016/12/26,"","",1,"",,,,,,,3.0,,"",,"",No
Twelve Months,Jim Butcher,James Marsters (Narrator),9798217176021,audio,read,2026/02/26,2026/03/31,2026/03/18-2026/03/31,1,"dark, emotional, funny, reflective",slow,Character,It's complicated,Yes,Yes,Yes,4.75,"","","",urban-fantasy,No
The Burning Bridge,John Flanagan,"","",hardcover,read,2016/12/26,"","",1,"",,,,,,,,,"",,"",No
I Have No Mouth and I Must Scream,"Harlan Ellison, Theodore Sturgeon","",,digital,read,2022/07/17,2023/10/31,2023/10/31-2023/10/31,1,"dark, reflective, tense",fast,Plot,No,No,No,No,3.75,"","","","",No
The Quantum Thief,Hannu Rajaniemi,"",9780765375889,paperback,to-read,2026/02/26,"","",0,"",,,,,,,,,"",,"heist, cyberpunk",No
36 Streets,T.R. Napper,"",9781789097412,paperback,to-read,2026/02/26,"","",0,"",,,,,,,,,"",,cyberpunk,No
The Passage,Justin Cronin,"",9780345504968,hardcover,to-read,2026/02/26,"","",0,"",,,,,,,,,"",,survival,Yes
Sailing to Sarantium,Guy Gavriel Kay,"",9780743450096,paperback,to-read,2026/02/26,"","",0,"",,,,,,,,,"",,"",No
The Waste Lands,Stephen King,Ned Dameron (Illustrator),9780670032563,hardcover,read,2016/12/26,2020/04/18,2020/04/18,1,"",,,,,,,4.0,,"",,"",No
The Changeling,Victor LaValle,"",9780812995947,hardcover,to-read,2026/02/26,"","",0,"",,,,,,,,,"",,cosmic-horror,No
East of Eden,John Steinbeck,"",9780142000656,paperback,to-read,2026/02/26,"","",0,"",,,,,,,,,"",,"",No
Wolves of the Calla,Stephen King,"",1444723480,paperback,read,2016/12/26,2021/09/27,2021/08/06-2021/09/27,1,"",,"","","","","",4.5,"","","","",No
All the Light We Cannot See,Anthony Doerr,"",9781476746586,hardcover,to-read,2026/02/26,"","",0,"",,,,,,,,,"",,"",No
Queen Amid Ashes,Christopher Ruocchio,"",B0B45DFRF6,digital,read,2024/09/14,2024/09/13,2024/09/12-2024/09/13,1,"dark, sad, tense",fast,Character,It's complicated,No,No,Yes,4.25,"","","","",No
Songs of the Dead,"Brandon Sanderson, Peter Orullian","",9781668068144,hardcover,to-read,2026/02/26,"","",0,"",,,,,,,,,"",,"",No
Boy's Life,Robert R. McCammon,"",9780671743055,paperback,to-read,2026/02/26,"","",0,"",,,,,,,,,"",,"",No
Song of Susannah,Stephen King,"","",hardcover,read,2016/12/26,2021/11/07,2021/09/27-2021/11/07,1,"",,"","","","","",3.25,"","","","",No
Dreams of Chaos,Shauna Lawless,"",9781035908936,digital,to-read,2026/03/18,"","",0,"",,,,,,,,,"",,"",No
And Then There Were None,Agatha Christie,"",9780312330873,paperback,read,2020/09/24,2023/12/15,2023/12/15-2023/12/15,1,"dark, mysterious, tense",fast,Plot,No,No,Yes,No,4.25,"","","","",No
The Devotion of Suspect X,Keigo Higashino,Alexander O. Smith (Translator),9780312375065,hardcover,to-read,2026/02/26,"","",0,"",,,,,,,,,"",,"",No
City of Last Chances,Adrian Tchaikovsky,"",9781801108423,hardcover,to-read,2026/02/26,"","",0,"",,,,,,,,,"",,"",No
The Handmaid's Tale,Margaret Atwood,"",0385490818,paperback,to-read,2026/02/26,"","",0,"",,,,,,,,,"",,"",No
Bury Your Gays,Chuck Tingle,"Charlie Jane Anders (Narrator), Stephen Graham Jones (Narrator), T. Kingfisher (Narrator), Liz Kerin (Narrator), Sarah Gailey (Narrator), C.J. Leede (Narrator), André Santana (Narrator), Mara Wilson (Narrator), Mark Oshiro (Narrator), Georgia Bird (Narrator), TJ Klune (Narrator)",9781250351272,audio,read,2024/10/29,2024/11/08,2024/10/29-2024/11/08,1,"dark, emotional, funny, tense",fast,A mix,Yes,Yes,Yes,No,4.75,"","","","",No
The Sky Below,"Scott Parazynski, Susy Flory","",,digital,read,2020/09/02,2021/11/11,2021/07/25-2021/11/11,1,"",,,,,,,4.0,"","","","",No
The Dungeon Anarchist's Cookbook,Matt Dinniman,Jeff Hays (Narrator),B08ZBJ4LXX,audio,read,2025/01/10,2025/01/21,2025/01/10-2025/01/21,1,"adventurous, funny, lighthearted, reflective, tense",fast,A mix,Yes,Yes,No,No,4.5,"","","","",Yes
Death Masks,Jim Butcher,"",9780451459404,paperback,read,2020/10/29,2020/11/15,2020/11/15,1,"",,"","","","","",4.25,,"","","",No
Assassin's Apprentice,Robin Hobb,"",9780553573398,paperback,to-read,2026/02/26,"","",0,"",,,,,,,,,"",,"",No
"Thor, Volume 1: The Goddess of Thunder",Jason Aaron,"Russell Dauterman (Illustrator), Jorge Molina (Illustrator)",9780785192381,digital,read,2022/05/25,2022/05/28,2022/05/25-2022/05/28,1,adventurous,fast,Plot,No,Yes,No,Yes,4.25,"","","","",No
The Ice Dragon,George R.R. Martin,Anne Yvonne Gilbert (Illustrator),9780765316318,hardcover,read,2017/01/04,"","",1,"",,,,,,,4.0,,"",,"",No
Between Two Fires,Christopher Buehlman,"",9781937007867,hardcover,read,2025/03/15,2026/02/22,2026/02/09-2026/02/22,1,"adventurous, dark, funny, mysterious, tense",fast,A mix,Yes,It's complicated,Yes,Yes,5.0,"","","","grimdark, cosmic-horror, monster-hunting",No
Malice,Keigo Higashino,"Elye J. Alexander (Translator), Alexander O. Smith (Translator)",9781250035608,hardcover,read,2025/03/08,2026/01/06,2025/12/29-2026/01/06,1,"dark, mysterious",,"","","","","",4.0,"","","","",No
"The Mighty Thor, Vol. 1: Thunder in Her Veins",Jason Aaron,Russell Dauterman (Illustrator),9780785195221,hardcover,read,2022/05/25,2022/07/12,2022/07/12-2022/07/12,1,adventurous,fast,Plot,Yes,Yes,Yes,Yes,4.0,"","","","",No
Exit Party,Emily St. John Mandel,"",9781035081288,hardcover,to-read,2026/02/26,"","",0,"",,,,,,,,,"",,"",No
Essex Dogs,Dan Jones,"",9780593653784,hardcover,to-read,2026/02/26,"","",0,"",,,,,,,,,"",,"",No
Magpie Murders,Anthony Horowitz,"",9780062645227,hardcover,to-read,2026/02/26,"","",0,"",,,,,,,,,"",,"",No
New Spring,Robert Jordan,"Michael Kramer (Narrator), Kate Reading (Narrator)",9781593973780,audio,read,2024/07/26,2024/08/05,2024/07/26-2024/08/05,1,"adventurous, mysterious, tense",medium,Character,Yes,Yes,No,No,4.5,"","","","",No
The Lost World,Michael Crichton,"","",paperback,read,2020/08/10,"","",1,"",,,,,,,5.0,,"",,"",No
Heart-Shaped Box,Joe Hill,"",9780061147937,hardcover,to-read,2026/02/26,"","",0,"",,,,,,,,,"",,"",No
Sword of Destiny,Andrzej Sapkowski,David French (Translator),9781473211537,paperback,read,2017/10/24,2018/05/21,2018/05/21,1,"",,,,,,,5.0,,"",,"",Yes
Operation Bounce House,Matt Dinniman,"",9780593820308,hardcover,to-read,2026/02/26,"","",0,"",,,,,,,,,"",,"",No
"White Sand, Volume 3",Brandon Sanderson,"Rik Hoskin (Contributor), Fritz Casas (Illustrator)",9781524110086,digital,read,2022/03/10,"","",1,"",,,,,,,,,"",,"",No
The Caine Mutiny: A Novel of World War II,Herman Wouk,"",9780316955102,paperback,to-read,2026/02/26,"","",0,"",,,,,,,,,"",,"",No
The Devils,Joe Abercrombie,Steven Pacey (Narrator),9781250391131,audio,read,2024/09/27,2025/06/04,2025/05/20-2025/06/04,1,"adventurous, dark, funny",fast,Character,Yes,It's complicated,Yes,Yes,4.0,"","","",grimdark,No
"Everything All at Once: How to Unleash Your Inner Nerd, Tap into Radical Curiosity and Solve Any Problem",Bill Nye,"","",,read,2018/01/14,2019/04/02,2019/04/02,1,"",,,,,,,5.0,,"",,"",No
The Dark Tower: The Gunslinger Born,"Robin Furth, Stephen King, Jae Lee, Peter David, Richard Isanove","",,paperback,read,2022/01/22,"","",1,"",,,,,,,,,"",,"",No
Harry Potter and the Deathly Hallows,J.K. Rowling,Mary GrandPré (Illustrator),9780545010221,hardcover,read,2016/12/26,"","",1,"",,,,,,,5.0,,"",,"",No
Black Water,D.J. MacHale,"",0689869118,paperback,read,2016/12/26,"","",1,"",,,,,,,4.0,,"",,"",No
Evil Star,Anthony Horowitz,"",,,read,2016/12/26,"","",1,"",,,,,,,,,"",,"",No
The Terror,Dan Simmons,"",9780316017442,hardcover,to-read,2026/02/26,"","",0,"",,,,,,,,,"",,"",No
Rogues,"Gardner Dozois, George R.R. Martin","Neil Gaiman, Cherie Priest, Patrick Rothfuss, Steven Saylor, Connie Willis, Scott Lynch, Paul Cornell, David Ball, Joe R. Lansdale, Garth Nix, Phyllis Eisenstein, Bradley Denton, Matthew Hughes, Daniel Abrahams, Michael Swanwick, Joe Abercrombie, Gillian Flynn, Walter Jon Williams, Lisa Tuttle, Carrie Vaughn",9780345537263,hardcover,read,2017/12/21,"","",1,"",,,,,,,,,"",,"",No
Deathless,Rob J. Hayes,"",9781915440143,paperback,to-read,2026/02/26,"","",0,"",,,,,,,,,"",,"",No
The Fifth Season,N.K. Jemisin,"",9780316229296,paperback,read,2021/04/29,2022/12/31,2022/12/12-2022/12/31,1,"adventurous, challenging, dark",medium,A mix,Yes,Yes,No,Yes,2.0,,"","","",Yes
Five Decembers,James Kestrel,"",9781789096118,hardcover,to-read,2026/02/26,"","",0,"",,,,,,,,,"",,"",No
Jingo,Terry Pratchett,"Bill Nighy (Narrator), Peter Serafinowicz (Narrator), Jon Culshaw (Narrator)",9781473588509,audio,read,2025/09/24,2025/10/01,2025/09/20-2025/10/01,1,"adventurous, funny, reflective",fast,A mix,Yes,Yes,Yes,No,3.75,"","","","",No
The New Mutants,"Bob McLeod, Chris Claremont","",,paperback,read,2023/09/03,"","",1,"",,,,,,,,,"",,"",No
The Thrice-Bound Fool,Christopher Buehlman,"",9781250621214,hardcover,to-read,2026/02/26,"","",0,"",,,,,,,,,"",,"",No
Sealed Empire,Norbert Zsivicz,Tamás Pétersz (Translator),9786158185929,digital,to-read,2026/02/26,"","",0,"",,,,,,,,,"",,"self-pub, monster-hunting, sailing",No
The Storyteller: Tales of Life and Music,Dave Grohl,Dave Grohl (Narrator),9780063076129,audio,read,2022/01/06,2022/01/17,2022/01/10-2022/01/17,1,"informative, inspiring, lighthearted",medium,,,,,,4.5,"","","","",No
Inheritance,Christopher Paolini,"",9780385616492,hardcover,read,2016/12/26,"","",1,"",,,,,,,3.0,,"",,"",No
I'm Glad My Mom Died,Jennette McCurdy,Jennette McCurdy (Narrator),9781797147949,audio,read,2022/08/12,2023/06/12,2023/06/12-2023/06/12,1,"dark, emotional, reflective, tense",fast,,,,,,4.5,"","","","",No
Lords and Ladies,Terry Pratchett,"Indira Varma (Narrator), Bill Nighy (Narrator), Peter Serafinowicz (Narrator)",9781473588646,audio,read,2022/08/11,2022/08/18,2022/08/11-2022/08/18,1,"",,"","","","","",4.0,"","","","",No
Of Blood And Fire,Ryan Cahill,"",B08ZDCN3GQ,digital,to-read,2026/02/26,"","",0,"",,,,,,,,,"",,"self-pub, dragon-rider, epic",No
Crocodile Tears,Anthony Horowitz,"","",paperback,read,2016/12/26,"","",1,"",,,,,,,,,"",,"",No
The Advent of Winter,Dom McDermott,"T.L. Greylock, Christer Lende, J.D.L. Rosell, Thiago Abdalla, Kian N. Ardalan, Natalie Kelda, Tori Tecken, D.W. Ross, H.L. Tinsley, Jim Wilbourne, A.R. Witham, Tim Hardie, Tatiana Obey, Kerstin Espinosa Rosero, H.C. Newell, Zack Argyle, Andrew D. Meredith, L.L. MacRae, Karim Soliman, Ryan Cahill, Cal Black, Palmer Pickering, Quenby Olson","",hardcover,read,2023/12/05,2023/12/24,2023/12/05-2023/12/24,1,"",,,,,,,,,"",,"",No
Baptism of Fire,Andrzej Sapkowski,David French (Translator),9780316219181,paperback,read,2021/04/29,2018/09/30,2018/09/24-2018/09/30,1,"",,"","","","","",4.0,"","","","",Yes
Elantris,Brandon Sanderson,Jack Garrett (Narrator),"",audio,read,2017/11/06,2021/12/06,2021/11/11-2021/12/06,1,"",,"","","","","",4.5,"","","","",Yes
Sabriel,Garth Nix,"Leo Dillon (Illustrator), Diane Dillon (Illustrator)",9780064471831,paperback,to-read,2026/02/26,"","",0,"",,,,,,,,,"",,"",Yes
Golden Son,Pierce Brown,Tim Gerard Reynolds (Narrator),9781470380410,audio,read,2025/12/27,2026/01/15,2025/12/27-2026/01/15,1,"adventurous, dark, emotional, tense",fast,Character,Yes,Yes,No,Yes,4.75,,"","","",No
Dead Beat,Jim Butcher,"",9780451460912,paperback,read,2021/01/04,2021/01/27,2021/01/04-2021/01/27,1,"adventurous, emotional, funny, mysterious",fast,Character,Yes,Yes,Yes,Yes,5.0,"","","","",No
The Siege of Macindaw,John Flanagan,"",,paperback,read,2016/12/26,"","",1,"",,,,,,,,,"",,"",No
A Memory Called Empire,Arkady Martine,"",9781529001587,paperback,to-read,2026/02/26,"","",0,"",,,,,,,,,"",,"",No
Grave Peril,Jim Butcher,"",9781440653902,digital,read,2020/07/30,2020/08/06,2020/08/06,1,"",,,,,,,5.0,,"",,"",No
Black Stone Heart,Michael R. Fletcher,"",B083Y748QX,digital,to-read,2026/02/26,"","",0,"",,,,,,,,,"",,"self-pub, epic",No
The Time Machine,H.G. Wells,"Carlo Pagetti, Greg Bear",0451528557,paperback,read,2016/12/26,"","",1,"",,,,,,,4.0,,"",,"",No
The Pillars of the Earth,Ken Follett,"",9780451222138,paperback,to-read,2026/02/26,"","",0,"",,,,,,,,,"",,"",No
Come with Me,Ronald Malfi,"",9781789097375,paperback,to-read,2026/02/26,"","",0,"",,,,,,,,,"",,"",No
The Shadow of the Wind,Carlos Ruiz Zafón,Lucia Graves (Translator),9780143034902,paperback,to-read,2026/02/26,"","",0,"",,,,,,,,,"",,"",No
Thud!,Terry Pratchett,"",9780385608671,hardcover,to-read,2026/02/26,"","",0,"",,,,,,,,,"",,"",No
The Hitchhiker's Guide to the Galaxy,Douglas Adams,Stephen Fry (Narrator),9780804191852,audio,read,2024/06/25,2024/06/24,2024/06/22-2024/06/24,1,"adventurous, funny, lighthearted",fast,Plot,No,Yes,No,No,4.5,"","","","",Yes
Harry Potter and the Chamber of Secrets,J.K. Rowling,Mary GrandPré (Illustrator),9780439064866,hardcover,read,2016/12/26,"","",1,"",,,,,,,5.0,,"",,"",No
A Memory of Light,"Brandon Sanderson, Robert Jordan","",9780765364883,paperback,read,2024/11/17,2024/11/30,2024/11/16-2024/11/30,1,"adventurous, emotional, hopeful, tense",fast,A mix,Yes,Yes,Yes,Yes,5.0,"","","","",No
A Song for Arbonne,Guy Gavriel Kay,"",9780451458971,paperback,to-read,2026/02/26,"","",0,"",,,,,,,,,"",,"",No
Berserk Deluxe Volume 3,Kentaro Miura,Duane Johnson (Translator),9781506712000,hardcover,read,2024/12/23,2024/12/27,2024/12/22-2024/12/27,1,"",,,,,,,,,"",,"",No
The Girl with the Dragon Tattoo,Stieg Larsson,Reg Keeland (Translator),9780670069019,hardcover,to-read,2026/02/26,"","",0,"",,,,,,,,,"",,"",No
Eldest,Christopher Paolini,"",9780375840401,paperback,read,2016/12/26,"","",1,"",,,,,,,5.0,,"",,"",No
Disquiet Gods,Christopher Ruocchio,"",9781982193324,hardcover,read,2024/12/02,2025/10/06,2025/09/02-2025/10/06,1,"adventurous, dark, emotional, mysterious, tense",medium,A mix,Yes,Yes,No,Yes,4.5,"","","",space-opera,No
Rule of Two,Drew Karpyshyn,"",9780307795861,digital,read,2020/09/20,"","",1,"",,,,,,,4.0,,"",,"",No
Doomsday Book,Connie Willis,"",9780553562736,paperback,to-read,2026/02/26,"","",0,"",,,,,,,,,"",,"",Yes
Knife of Dreams,Robert Jordan,"",9780812577563,paperback,read,2024/08/08,2024/09/09,2024/08/07-2024/09/09,1,"adventurous, mysterious, tense",medium,A mix,Yes,Yes,Yes,Yes,4.5,"","","","",No
A Plagued Sea,Kim Bo-Young,Sophie Bowman (Translator),9781250380753,hardcover,to-read,2026/02/26,"","",0,"",,,,,,,,,"",,"",No
She Who Became the Sun,Shelley Parker-Chan,"",9781250621801,hardcover,to-read,2026/02/26,"","",0,"",,,,,,,,,"",,non-western-fantasy,No
The Well of Ascension,Brandon Sanderson,"",9780765316882,hardcover,read,2020/08/15,2020/09/08,2020/09/08,1,"",,,,,,,5.0,,"",,"",Yes
Godkiller,Hannah Kaner,"",9780008521486,digital,read,2023/12/09,2024/03/29,2024/03/19-2024/03/29,1,"adventurous, emotional, tense",fast,Plot,Yes,Yes,No,No,2.25,,"","","",No
The Decagon House Murders,Yukito Ayatsuji,"Soji Shimada (Contributor), Ho-Ling Wong (Translator)",9781508503736,paperback,to-read,2026/02/26,"","",0,"",,,,,,,,,"",,"",No
Lord of Chaos,Robert Jordan,"Michael Kramer (Narrator), Kate Reading (Narrator)",9781593975838,audio,read,2023/07/22,2023/09/13,2023/07/22-2023/09/13,1,"adventurous, tense",fast,Plot,It's complicated,It's complicated,Yes,Yes,5.0,"","","","",No
The Right Stuff,Tom Wolfe,"",9780553381351,paperback,to-read,2026/02/26,"","",0,"",,,,,,,,,"",,"",No
Ark Angel,Anthony Horowitz,"",9781406360240,paperback,read,2016/12/26,"","",1,"",,,,,,,,,"",,"",No
"Tales of the Sun Eater, Volume 2",Christopher Ruocchio,"","",digital,read,2025/08/21,2025/08/20,2025/08/20-2025/08/20,1,"",,"","","","","",3.5,"","","","",No
Turn Coat,Jim Butcher,"",9780451462565,hardcover,read,2021/07/11,2021/07/25,2021/07/11-2021/07/25,1,"",,"","","","","",4.0,"","","","",Yes
Crossroads of Twilight,Robert Jordan,"Kate Reading (Narrator), Michael Kramer (Narrator)",9781593970369,audio,read,2024/02/26,2024/03/29,2024/02/26-2024/03/29,1,"challenging, reflective",slow,Character,No,No,No,Yes,2.0,"","","","",No
The Justice of Kings,Richard Swan,"",9780356516424,hardcover,to-read,2026/02/26,"","",0,"",,,,,,,,,"",,"cosmic-horror, political-intrigue, epic",No
The Folding Knife,K.J. Parker,"",031603844X,digital,to-read,2026/02/26,"","",0,"",,,,,,,,,"",,competence,No
"The Princess and The Queen, or, The Blacks and The Greens",George R.R. Martin,"",,digital,read,2017/12/21,"","",1,"",,,,,,,,,"",,"",No
Raven Rise,D.J. MacHale,"",,paperback,read,2016/12/26,"","",1,"",,,,,,,5.0,,"",,"",No
A Clash of Kings,George R.R. Martin,"",9780007465828,paperback,read,2016/12/26,2017/01/04,2017/01/04,1,"",,,,,,,5.0,,"",,"",No
The City in Glass,Nghi Vo,"",9781250348272,hardcover,read,2024/05/25,2025/03/25,2025/03/16-2025/03/25,1,"challenging, emotional, inspiring, mysterious, reflective",slow,Character,Yes,It's complicated,Yes,Yes,3.5,"","","",non-western-fantasy,No
Angel Down,Daniel Kraus,"",9781668068458,hardcover,currently-reading,2026/05/05,"","",0,"",,,,,,,,,"",,"",No
The Torch that Ignites the Stars,Andrew Rowe,Nick Podehl (Narrator),B08VS9F2BG,audio,read,2022/04/30,2022/10/11,2022/09/29-2022/10/11,1,"adventurous, lighthearted, mysterious",fast,Plot,Yes,Yes,No,Yes,3.0,,"","","",Yes
Cultish: The Language of Fanaticism,Amanda Montell,Ann Marie Gideon (Narrator),9780063097919,audio,read,2024/01/26,2025/10/09,2025/10/02-2025/10/09,1,"funny, informative, reflective",fast,,,,,,5.0,"","","","",No
"By Blood, By Salt",J.L. Odom,"",9798990024410,hardcover,to-read,2026/02/26,"","",0,"",,,,,,,,,"",,self-pub,No
Catching Fire,Suzanne Collins,"",9780439023498,hardcover,read,2016/12/26,"","",1,"",,,,,,,4.0,,"",,"",No
The Failures,Benjamin Liar,"",9780756415273,hardcover,to-read,2026/02/26,"","",0,"",,,,,,,,,"",,space-opera,No
Halcyon Years,Alastair Reynolds,"",9781399611763,hardcover,to-read,2026/02/26,"","",0,"",,,,,,,,,"",,mystery,No
Dreams of Sorrow,Shauna Lawless,"",9781035902187,digital,read,2026/03/18,2026/05/11,2026/05/06-2026/05/11,1,"dark, emotional, tense",,"","","","","",4.75,"","","","",No
Rhythm of War,Brandon Sanderson,"",9780765326386,hardcover,read,2020/07/26,2022/10/23,2022/08/31-2022/10/23,1,"adventurous, emotional",slow,A mix,Yes,Yes,Yes,Yes,4.0,,"","","",Yes
Speaker for the Dead,Orson Scott Card,"","",digital,read,2023/02/24,2023/03/24,2023/03/01-2023/03/24,1,"emotional, inspiring, mysterious, reflective, tense",medium,A mix,Yes,Yes,No,Yes,4.75,"","","","",No
Sufficiently Advanced Magic,Andrew Rowe,Nick Podehl (Narrator),B072YT93QD,audio,read,2020/08/26,2022/04/22,2022/04/08-2022/04/22,1,"",,"","","","","",2.75,"","","","",Yes
The Ones Who Walk Away from Omelas,Ursula K. Le Guin,"",9780886825010,hardcover,read,2024/11/09,"","",1,"",,,,,,,,,"",,"",No
Inferno,Dan Brown,"",9780385537858,hardcover,to-read,2026/02/26,"","",0,"",,,,,,,,,"",,"",No
The Two Towers,J.R.R. Tolkien,"",9780261103580,paperback,read,2017/11/15,"","",1,"",,,,,,,5.0,,"",,"",Yes
"Thor: God of Thunder, Volume 3: The Accursed","Ron Garney, Das Pastoras, Nic Klein, Jason Aaron, Emanuela Lupacchino, Esad Ribić","",,,read,2022/06/07,2022/06/15,2022/06/07-2022/06/15,1,adventurous,fast,Plot,No,Yes,No,No,3.5,"","","","",No
Perdido Street Station,China Miéville,"",9780345459404,paperback,to-read,2026/02/26,"","",0,"",,,,,,,,,"",,monster-hunting,No
Catch-22,Joseph Heller,"",9780684833392,paperback,to-read,2026/02/26,"","",0,"",,,,,,,,,"",,competence,No
Empire of AI: Dreams and Nightmares in Sam Altman's OpenAI,Karen Hao,Karen Hao (Narrator),9798217072453,audio,read,2026/03/31,2026/04/16,2026/03/31-2026/04/16,1,"",,,,,,,4.0,"","","","",No
Contact,Carl Sagan,"",9780099469506,paperback,read,2026/02/26,2026/03/27,2026/03/18-2026/03/27,1,"adventurous, emotional, informative, inspiring",medium,Character,Yes,Yes,Yes,Yes,5.0,"","","",first-contact,No
The Words of Kings and Prophets,Shauna Lawless,"",9781803282657,digital,read,2026/03/18,2026/05/05,2026/04/21-2026/05/05,1,"emotional, informative, inspiring, tense",medium,Character,Yes,Yes,No,Yes,4.5,"","","","",No
Hatchet,Gary Paulsen,"",9780689840920,hardcover,read,2022/12/13,"","",1,"",,,,,,,,,"",,"",No
Brave New World,Aldous Huxley,"",9780060929879,paperback,to-read,2026/02/26,"","",0,"",,,,,,,,,"",,"",No
In the Woods,Tana French,"",9780670038602,hardcover,to-read,2026/02/26,"","",0,"",,,,,,,,,"",,"",No
Words of Radiance,Brandon Sanderson,"",9780765326362,hardcover,read,2017/11/15,2022/04/12,2022/03/10-2022/04/12,1,"adventurous, hopeful",medium,Plot,Yes,Yes,Yes,Yes,5.0,"","","","",Yes
Man's Search for Meaning,Viktor E. Frankl,"Harold S. Kushner (Contributor), William J. Winslade (Contributor), Isle Lasch (Translator)",9780807014295,paperback,to-read,2026/02/26,"","",0,"",,,,,,,,,"",,"",No
A Game of Thrones,George R.R. Martin,"",9780007448036,paperback,read,2016/12/26,"","",1,"",,,,,,,5.0,,"",,"",No
Seven Recipes for Revolution,Ryan Rose,"",9781038028600,audio,did-not-finish,2024/11/08,"","",0,"",,,,,,,,,"",,self-pub,No
"Akira, Vol. 1",Katsuhiro Otomo,"Yoko Umezawa (Translator), Jo Duffy (Translator), Linda M. York (Translator)",9781569714980,paperback,read,2024/06/22,2025/01/06,2025/01/06-2025/01/06,1,"",,,,,,,,,"",,cyberpunk,No
The Lady of the Lake,Andrzej Sapkowski,David French (Translator),9780316273831,paperback,read,2021/04/29,2018/10/31,2018/10/13-2018/10/31,1,"",,"","","","","",3.5,"","","","",Yes
The First Fifteen Lives of Harry August,Claire North,"",9780316399623,paperback,to-read,2026/02/26,"","",0,"",,,,,,,,,"",,time-travel,No
The Escher Man,T.R. Napper,"",9781803368153,paperback,to-read,2026/02/26,"","",0,"",,,,,,,,,"",,"",No
Iron Gold,Pierce Brown,"Tim Gerard Reynolds (Narrator), Julian Elfer (Narrator), Aedin Moloney (Narrator), John Curless (Narrator)",9781501960536,audio,to-read,2026/02/26,"","",0,"",,,,,,,,,"",,"",No
The Merchant of Death,D.J. MacHale,"",0743437314,paperback,read,2016/12/26,"","",1,"",,,,,,,4.0,,"",,"",No
Forging Divinity,Andrew Rowe,Nick Podehl (Narrator),9781772301182,audio,read,2022/07/05,2022/07/15,2022/07/05-2022/07/15,1,"adventurous, mysterious",medium,Plot,No,Yes,No,Yes,3.75,"","","","",No
The Hobbit: or There and Back Again,J.R.R. Tolkien,"",9780618260300,paperback,read,2016/12/26,2021/01/01,2021/01/01,1,"",,,,,,,5.0,,"",,"",Yes
The Alchemy of Sorrow,"Sarah Chorn, Levi Jacobs, Carol A. Park, Krystle Matar, Angela Boord, Intisar Khanani, Virginia McClain, Rachel Emma Shaw, K.S. Villoso, M.L. Wang, Madolyn Rogers, Quenby Olson, Clayton W. Snyder, Sonya M. Black",Kerstin Espinosa Rosero (Illustrator),9781952667923,digital,read,2022/06/02,2022/08/31,2022/07/21-2022/08/31,1,"emotional, reflective, sad",medium,Character,It's complicated,Yes,Yes,Yes,3.5,"<div>A short story collection by indie fantasy authors exploring grief. Personal favorites were Lullaby by K.S. Villoso, Thief by Virginia McClain, Thicker Than Water by Carol A. Park, Death in the Uncanny Valley by M.L. Wang, and Reliquary of the Damned by Rachel Emma Shaw. These had the right mix of strong character moments relating to the theme of the anthology, compelling world-building that highlights that theme, and enough of a plot to carry interest. The rest of the stories ranged from pure character reflection that might be of interest to some readers and self-indulgent plugs for the authors' main series of books in some cases.</div>","","","",Yes
The Picture of Dorian Gray,Oscar Wilde,"",9798792366251,paperback,to-read,2026/02/26,"","",0,"",,,,,,,,,"",,"",No
The Son of Neptune,Rick Riordan,"",1423140591,digital,read,2016/12/26,"","",1,"",,,,,,,5.0,,"",,"",No
Stuff Every Beer Snob Should Know,Ellen Goldstein,"",,digital,read,2019/02/05,2019/04/02,2019/04/02,1,"",,,,,,,,,"",,"",No
The Bands of Mourning,Brandon Sanderson,Michael Kramer (Narrator),9781427267900,audio,read,2017/11/15,2022/01/10,2022/01/04-2022/01/10,1,adventurous,fast,"","","","","",4.75,"","","","",No
The Logic Of Sports Betting,"Matthew Davidow, Ed Miller","",9781096805724,paperback,read,2024/01/26,2024/05/03,2024/03/29-2024/05/03,1,"",,,,,,,,,"",,"",No
"Avengers by Jason Aaron, Vol. 2: World Tour","David Marquez, Jason Aaron, Sara Pichelli","",9781302510060,digital,read,2023/02/13,2023/03/01,2023/03/01-2023/03/01,1,"adventurous, funny, lighthearted",fast,Plot,No,Yes,Yes,No,4.0,"","","","",No
Foul Days,Genoveva Dimova,"",9781250900104,digital,read,2024/11/08,2025/01/19,2025/01/14-2025/01/19,1,"lighthearted, tense",fast,Plot,Yes,No,No,Yes,3.5,"","","","self-pub, monster-hunting",No
"White Sand, Volume 1","Brandon Sanderson, Rik Hoskin",Julius Gopez (Illustrator),9781606908853,hardcover,read,2022/03/07,2022/03/10,2022/03/07-2022/03/10,1,"",,,,,,,,,"",,"",No
The Martian,Andy Weir,"",9780804139021,hardcover,read,2016/12/26,2021/08/06,2021/07/21-2021/08/06,2,"",,,,,,,5.0,,"",,"",Yes
I Am Legend,Richard Matheson,"","",digital,read,2021/01/25,2023/10/31,2023/10/30-2023/10/31,1,"dark, inspiring, mysterious, tense",fast,Character,No,Yes,No,Yes,4.25,"","","","",Yes
A Farewell to Arms,Ernest Hemingway,"",9780099910107,paperback,to-read,2026/02/26,"","",0,"",,,,,,,,,"",,"",No
This Is How You Lose the Time War,"Max Gladstone, Amal El-Mohtar","",9781534431010,digital,read,2020/09/01,2023/10/07,2023/10/07-2023/10/07,1,"emotional, reflective",fast,Character,Yes,Yes,No,No,4.0,"","","","",No
Gunmetal Gods,Zamil Akhtar,"",B08KRHBB6Z,digital,to-read,2026/02/26,"","",0,"",,,,,,,,,"",,"self-pub, cosmic-horror",Yes
The Fires of December,Brandon Sanderson,"","",hardcover,to-read,2026/02/26,"","",0,"",,,,,,,,,"",,"",No
A Storm of Swords,George R.R. Martin,"",055357342X,paperback,read,2016/12/26,"","",1,"",,,,,,,5.0,,"",,"",No
The Trouble with Peace,Joe Abercrombie,"",9780316187183,hardcover,to-read,2026/02/26,"","",0,"",,,,,,,,,"",,"",No
Berserk Deluxe Volume 4,Kentaro Miura,Duane Johnson (Translator),9781506715216,hardcover,read,2025/01/10,2025/02/07,2025/01/10-2025/02/07,1,"",,,,,,,,,"",,"",No
Going Postal,Terry Pratchett,"",9780552149433,paperback,to-read,2026/02/26,"","",0,"",,,,,,,,,"",,"",No
The Final Empire,Brandon Sanderson,"",9780765311788,hardcover,read,2020/07/29,2020/08/13,2020/08/13,1,"",,,,,,,5.0,,"",,"",Yes
Thief of Time,Terry Pratchett,"",9780552167642,paperback,to-read,2026/02/26,"","",0,"",,,,,,,,,"",,"",No
Good Omens,"Terry Pratchett, Neil Gaiman","",9780060853976,paperback,read,2022/01/04,2024/05/21,2024/05/10-2024/05/21,1,"funny, hopeful, lighthearted, tense",fast,Plot,Yes,Yes,No,No,4.0,"","","","",No
Exit Strategy,Martha Wells,Kevin R. Free (Narrator),9781501999994,audio,read,2022/04/08,"","",1,"",fast,Character,Yes,Yes,No,Yes,4.5,"","","","",No
House of Suns,Alastair Reynolds,"",9780575099128,paperback,to-read,2026/02/26,"","",0,"",,,,,,,,,"",,space-opera,No
Tigana: Anniversary Edition,Guy Gavriel Kay,"",9780451457769,paperback,to-read,2026/02/26,"","",0,"",,,,,,,,,"",,"",No
The Return of the King,J.R.R. Tolkien,"",9780261102378,paperback,read,2017/11/15,"","",1,"",,,,,,,5.0,,"",,"",Yes
White Night,Jim Butcher,"",9780451461407,hardcover,read,2021/02/26,2021/04/16,2021/02/26-2021/04/16,1,"",,"","","","","",4.5,"","","","",No
The Dark Tower: Treachery,"Robin Furth, Stephen King, Jae Lee, Peter David, Richard Isanove","",,hardcover,read,2022/01/28,"","",1,"",,,,,,,,,"",,"",No
The Rage of Dragons,Evan Winter,"",9780316489768,hardcover,to-read,2026/02/26,"","",0,"",,,,,,,,,"",,"",No
Batman: The Long Halloween,Jeph Loeb,"Tim Sale, Gregory Wright, Richard Starkings",9781563894695,paperback,read,2022/06/04,"","",1,"",,,,,,,,,"",,"",No
This Inevitable Ruin ,Matt Dinniman,Jeff Hays (Narrator),B0DK22T2HW,audio,read,2025/04/07,2025/05/01,2025/04/07-2025/05/01,1,"emotional, funny, lighthearted, tense",fast,A mix,Yes,Yes,Yes,It's complicated,4.5,"","","","",No
Chip War: The Fight for the World's Most Critical Technology,Chris Miller,"",9781982172008,hardcover,to-read,2026/03/02,"","",0,"",,,,,,,,,"",,"",No
The Promise,"Bryan Konietzko, Michael Dante DiMartino, Gene Luen Yang",Gurihiru (Illustrator),9781616550745,hardcover,read,2021/04/29,"","",1,"",,,,,,,,,"",,"",Yes
The Claw of the Conciliator,Gene Wolfe,"",9780671413705,hardcover,read,2026/01/17,2026/01/24,2026/01/17-2026/01/24,1,"challenging, mysterious, tense",,"","","","","",3.5,"","","","",No
Fool Moon,Jim Butcher,"",9781440631696,digital,read,2020/07/26,2020/07/30,2020/07/30,1,"",,,,,,,5.0,,"",,"",No
A Master of Djinn,P. Djèlí Clark,"",9781250267689,hardcover,to-read,2026/02/26,"","",0,"",,,,,,,,,"",,"",No
The Fall of Hyperion,Dan Simmons,"",9780385267472,paperback,to-read,2026/02/26,"","",0,"",,,,,,,,,"",,"",No
The Book That Wouldn't Burn,Mark Lawrence,"",9780008456719,hardcover,read,2023/12/13,2024/04/09,2024/03/31-2024/04/09,1,"",medium,A mix,Yes,Yes,Yes,Yes,5.0,"","","","",No
Lovecraft Country,Matt Ruff,"",9780062292063,hardcover,to-read,2026/02/26,"","",0,"",,,,,,,,,"",,cosmic-horror,No
The Kings of Clonmel,John Flanagan,"","",paperback,read,2016/12/26,"","",1,"",,,,,,,,,"",,"",No
The Murder at World's End,Ross Montgomery,"",9780241766163,hardcover,to-read,2026/02/26,"","",0,"",,,,,,,,,"",,"",No
The Opal Deception,Eoin Colfer,"",9781423103998,paperback,read,2016/12/26,"","",1,"",,,,,,,,,"",,"",No
Remote Control,Nnedi Okorafor,"",9781250772800,hardcover,read,2021/12/11,"","",1,"mysterious, reflective, sad",fast,Character,Yes,Yes,No,No,4.25,"","","","",No
Skin Game,Jim Butcher,"",9780451470041,paperback,read,2021/09/27,2021/10/29,2021/10/21-2021/10/29,1,"",,"","","","","",4.0,"","","","",No
Wyrd Sisters,Terry Pratchett,"Bill Nighy (Narrator), Peter Serafinowicz (Narrator), Indira Varma (Narrator)",9781473588158,audio,read,2022/05/16,2022/06/15,2022/06/02-2022/06/15,1,"adventurous, funny, lighthearted",medium,Character,Yes,Yes,Yes,Yes,5.0,"","","","",No
The Day of the Jackal,Frederick Forsyth,"",9780553266306,paperback,to-read,2026/02/26,"","",0,"",,,,,,,,,"",,"",No
Artemis,Andy Weir,"",9780525572664,paperback,read,2017/11/15,2018/03/14,2018/03/14,1,"",,,,,,,4.0,,"",,"",Yes
Lost Gods,Brom,"",9780062095701,digital,to-read,2026/02/26,"","",0,"",,,,,,,,,"",,"",No
"White Sand, Volume 2 ",Brandon Sanderson,"Julius M. Gopez (Illustrator), Rik Hoskin (Contributor)",9781524103439,digital,read,2022/03/10,"","",1,"",,,,,,,,,"",,"",No
The Alloy of Law,Brandon Sanderson,Michael Kramer (Narrator),9781427221049,audio,read,2017/11/15,"","",1,"",,"","","","","",3.75,,"","","",No
The Hunger of the Gods,John Gwynne,"",9780356514222,hardcover,read,2025/03/17,2025/05/06,2025/04/18-2025/05/06,1,"adventurous, dark, tense",fast,Plot,No,No,Yes,No,4.25,"","","","",No
Piranesi,Susanna Clarke,"",9781635575637,hardcover,read,2020/09/21,2022/01/19,2022/01/09-2022/01/19,1,"emotional, mysterious, reflective",medium,A mix,No,Yes,No,Yes,5.0,"","","","",No
The Fifth Elephant,Terry Pratchett,"Jon Culshaw (Narrator), Peter Serafinowicz (Narrator), Bill Nighy (Narrator)","",audio,read,2025/11/28,2025/12/31,2025/12/15-2025/12/31,1,"",,"","","","","",4.0,"","","","",No
The Da Vinci Code,Dan Brown,"",9780385504201,hardcover,read,2016/12/26,"","",1,"",,,,,,,3.0,,"",,"",No
A Parade of Horribles,Matt Dinniman,Jeff Hays (Narrator),B0FXY2JG27,audio,currently-reading,2026/02/26,"","",0,"",,,,,,,,,"",,"",No
Blood Over Bright Haven,M.L. Wang,"",B0B5KLVCHZ,digital,read,2023/08/14,2025/06/25,2025/06/13-2025/06/25,1,"dark, mysterious, reflective, tense",fast,A mix,Yes,Yes,No,Yes,5.0,"","","","self-pub, magic-school",No
"The Dark Tower, Volume 2: The Long Road Home",Robin Furth,"Peter David, Richard Isanove, Jae Lee, Stephen King",9780785135715,hardcover,read,2022/01/22,2022/01/28,2022/01/21-2022/01/28,1,"",,,,,,,,,"",,"",No
The Blacktongue Thief,Christopher Buehlman,"",9781250621191,hardcover,to-read,2026/02/26,"","",0,"",,,,,,,,,"",,heist,No
The Sirens of Titan,Kurt Vonnegut,"",9780385333498,paperback,read,2024/06/15,2025/11/16,2025/11/11-2025/11/16,1,"adventurous, funny, reflective",fast,Plot,Yes,Yes,No,No,3.75,"","","","",Yes
The Count of Monte Cristo,Alexandre Dumas,Robin Buss (Translator),9780140449266,paperback,to-read,2026/02/26,"","",0,"",,,,,,,,,"",,"",No
"Thor: God of Thunder, Volume 1: The God Butcher",Jason Aaron,"Emanuela Lupacchino, R.M. Guéra, Esad Ribić, Tom Palmer Sr., Giulia Brusco, Jérémy Manesse, Nic Klein, Simon Bisley, Ron Garney, Lee Loughridge, Ive Svorcina, Agustín Alessio, Das Pastoras, Dean White, Jackson Butch Guice",9780785168423,hardcover,read,2022/05/25,"","",1,adventurous,fast,Plot,No,Yes,No,Yes,4.0,"","","","",No
The Black Dahlia,James Ellroy,"",9780446698870,paperback,to-read,2026/02/26,"","",0,"",,,,,,,,,"",,"",No
Death of the Author,Nnedi Okorafor,"Jason Culp (Narrator), Liz Femi (Narrator), Anthony Oseyemi (Narrator), Chris Djuma (Narrator)",9780063391178,audio,read,2025/01/25,2025/02/21,2025/02/07-2025/02/21,1,reflective,slow,Character,Yes,No,No,Yes,3.0,"","","","",Yes
Project Hail Mary,Andy Weir,"",9780593135204,hardcover,read,2021/06/02,2021/06/22,2021/06/02-2021/06/22,1,"adventurous, funny, informative, inspiring",fast,A mix,Yes,Yes,No,Yes,5.0,"","","","",No
Men at Arms,Terry Pratchett,"Jon Culshaw (Narrator), Bill Nighy (Narrator), Peter Serafinowicz (Narrator)",9781473588653,audio,read,2023/12/08,2025/07/15,2025/07/07-2025/07/15,1,"funny, lighthearted, mysterious, tense",fast,Plot,Yes,Yes,Yes,It's complicated,4.25,"","","","",No
The Daughters' War,Christopher Buehlman,"",9781250887672,hardcover,to-read,2026/02/26,"","",0,"",,,,,,,,,"",,"",No
The Road,Cormac McCarthy,"",9780307265432,hardcover,read,2022/09/15,2023/12/09,2023/12/01-2023/12/09,1,"dark, emotional, reflective, sad, tense",slow,Character,Yes,Yes,No,It's complicated,4.75,"","","","",No
Empire of Pain: The Secret History of the Sackler Dynasty,Patrick Radden Keefe,Patrick Radden Keefe (Narrator),9780593162392,audio,read,2023/12/27,2025/07/26,2025/07/16-2025/07/26,1,"challenging, dark, informative, reflective",medium,,,,,,4.5,"","","","",No
The Lord of the Rings,J.R.R. Tolkien,Rob Inglis,9781402516276,audio,read,2016/12/26,2024/11/25,"2024/09/01-2024/11/25, 2021/01/01-2021/02/23",3,"",,,,,,,5.0,,"",,"",Yes
The Name of the Rose,Umberto Eco,William Weaver (Translator),9780156001311,paperback,to-read,2026/02/26,"","",0,"",,,,,,,,,"",,"",No
Snow Crash,Neal Stephenson,"",9780553380958,paperback,to-read,2026/02/26,"","",0,"",,,,,,,,,"",,"",No
Let the Right One In,John Ajvide Lindqvist,Ebba Segerberg (Translator),9781847241696,hardcover,to-read,2026/02/26,"","",0,"",,,,,,,,,"",,cosmic-horror,No
A Fire Upon the Deep,Vernor Vinge,"",9780812515282,paperback,to-read,2026/02/26,"","",0,"",,,,,,,,,"",,space-opera,No
Flowers for Algernon,Daniel Keyes,"",9780063320222,paperback,read,2016/12/26,"","",1,"",,,,,,,5.0,,"",,"",No
The Fellowship of the Ring,J.R.R. Tolkien,"",9780261103573,paperback,read,2016/12/26,"","",1,"",,,,,,,5.0,,"",,"",Yes
Proven Guilty,Jim Butcher,"",9780356500348,paperback,read,2021/01/27,2021/02/26,2021/01/27-2021/02/26,1,"",,"","","","","",4.0,"","","","",No
Everything is Tuberculosis,John Green,John Green (Narrator),9798217082391,audio,read,2025/03/19,2025/12/08,2025/12/05-2025/12/08,1,"inspiring, reflective, sad",medium,,,,,,4.5,"","","","",No
The Heart of the Nhaga,Lee Young-Do,Anton Hur (Translator),9780063349896,hardcover,to-read,2026/02/26,"","",0,"",,,,,,,,,"",,"",No
The Sorcerer of the North,John Flanagan,"","",paperback,read,2016/12/26,"","",1,"",,,,,,,,,"",,"",No
Fantastic Four by Waid & Wieringo Omnibus,Mark Waid,"Mike Wieringo (Illustrator), Mark Buckingham (Illustrator)",9781302913823,hardcover,read,2025/02/22,2025/03/10,2025/02/22-2025/03/10,1,"",,,,,,,,,"",,"",No
Dawnshard,Brandon Sanderson,"",9781803361062,hardcover,read,2022/08/16,2022/08/19,2022/08/16-2022/08/19,1,"adventurous, mysterious",fast,Plot,Yes,Yes,No,No,4.5,"","","","",No
Kings of the Wyld,Nicholas Eames,"",9780316362474,paperback,read,2020/06/24,2021/06/29,2021/05/11-2021/06/29,1,"",,,,,,,,,"",,"",Yes
The Icebound Land,John Flanagan,"","",hardcover,read,2016/12/26,"","",1,"",,,,,,,,,"",,"",No
Small Favor,Jim Butcher,"",9780451461896,hardcover,read,2021/06/29,2021/07/08,2021/06/29-2021/07/08,1,"",,"","","","","",4.25,"","","","",No
The Devil and the Dark Water,Stuart Turton,"",9781728206028,hardcover,to-read,2026/02/26,"","",0,"",,,,,,,,,"",,"",No
11/22/63,Stephen King,"",9781451627282,hardcover,to-read,2026/02/26,"","",0,"",,,,,,,,,"",,time-travel,No
Interview with the Vampire,Anne Rice,Simon Vance (Narrator),9780307914019,audio,read,2025/10/30,2025/11/29,2025/10/30-2025/11/29,1,"dark, mysterious, reflective",medium,Character,Yes,It's complicated,It's complicated,Yes,2.25,<div>Real housewives of Point du Lac</div>,"","","",No
Battle Ground,Jim Butcher,James Marsters (Narrator),9780593343050,audio,read,2021/09/27,2022/03/14,2022/02/22-2022/03/14,1,"emotional, tense",fast,Plot,No,Yes,Yes,Yes,4.5,"","","","",No
Black Mouth,Ronald Malfi,"",9781789098655,paperback,to-read,2026/02/26,"","",0,"",,,,,,,,,"",,"",No
Every Tool's a Hammer: Life Is What You Make It,Adam Savage,"",,,read,2020/07/26,"","",1,"",,,,,,,5.0,,"",,"",No
Yours Truly,Abby Jimenez,"",9781538704394,paperback,read,2024/07/26,2024/07/26,2024/07/26-2024/07/26,1,"emotional, funny, lighthearted",medium,Character,Yes,Yes,No,Yes,4.5,"","","","",Yes
A Crown of Swords,Robert Jordan,"Kate Reading (Narrator), Michael Kramer (Narrator)",B000K0YMKE,audio,read,2023/10/09,2023/11/04,2023/10/09-2023/11/04,1,"adventurous, challenging, emotional, tense",medium,Plot,It's complicated,Yes,Yes,Yes,3.0,"","","","",No
Neon Ghosts: A Witch's Sin,Daniel B. Greene,"","",digital,read,2023/12/02,2024/07/23,2024/07/10-2024/07/23,1,"dark, tense",fast,Plot,Yes,No,It's complicated,Yes,3.75,"","","","",Yes
The Glass Hotel,Emily St. John Mandel,"",9780525521143,hardcover,to-read,2026/02/26,"","",0,"",,,,,,,,,"",,"",No
Winter's Heart,Robert Jordan,"Kate Reading (Narrator), Michael Kramer (Narrator)",9781427210876,audio,read,2024/01/01,2024/01/23,2024/01/01-2024/01/23,1,"adventurous, emotional, inspiring, tense",medium,A mix,Yes,Yes,Yes,It's complicated,4.5,"","","","",No
The Adventures of Amina Al-Sirafi,Shannon Chakraborty,"",9780008381349,hardcover,to-read,2026/02/26,"","",0,"",,,,,,,,,"",,"",No
The Will of the Many,James Islington,"",9781982141172,hardcover,to-read,2026/02/26,"","",0,"",,,,,,,,,"",,magic-school,Yes
Roadside Picnic,"Boris Strugatsky, Arkady Strugatsky","Antonina W. Bouis (Translator), Theodore Sturgeon (Contributor)",9780575070530,paperback,to-read,2026/02/26,"","",0,"",,,,,,,,,"",,"",No
The Unworthy Thor,Jason Aaron,Olivier Coipel (Illustrator),9781302906672,paperback,read,2022/10/13,"","",1,adventurous,fast,Plot,Yes,Yes,No,Yes,4.25,"","","","",No
Jade City,Fonda Lee,"",9780316440882,paperback,to-read,2026/02/26,"","",0,"",,,,,,,,,"",,"",Yes
Cold Days,Jim Butcher,"",9780451419125,paperback,read,2021/09/27,2021/10/21,2021/10/02-2021/10/21,1,"",,"","","","","",4.25,"","","","",No
The Battle of the Labyrinth,Rick Riordan,"",9780545174817,paperback,read,2016/12/26,"","",0,"",,,,,,,,,"",,"",No
Carrying the Fire: An Astronaut's Journey,Michael Collins,"",9780815410287,paperback,to-read,2026/02/26,"","",0,"",,,,,,,,,"",,"",No
Overdue,Mark Lawrence,"","",digital,read,2024/04/09,2024/04/10,2024/04/09-2024/04/10,1,"mysterious, reflective",slow,Plot,Yes,Yes,No,No,3.75,"","","","",No
Berserk Deluxe Volume 1,Kentaro Miura,"Jason Deangelis (Translator), Duane Johnson (Translator)",9781506711980,hardcover,read,2024/01/22,2024/01/24,2024/01/22-2024/01/24,1,"dark, tense",fast,Plot,No,No,No,Yes,3.75,"","","","",Yes
Batman: The Killing Joke,"Tim Sale, Alan Moore, Brian Bolland","",9781845767723,hardcover,read,2022/07/27,"","",1,"",,,,,,,,,"",,"",No
Dungeon Crawler Carl,Matt Dinniman,Jeff Hays (Narrator),9798882327780,audio,read,2023/10/30,2024/08/28,2024/08/28,1,"",,"","","","","",4.75,"","","","",Yes
Necropolis,Anthony Horowitz,"",,paperback,read,2016/12/26,"","",1,"",,,,,,,,,"",,"",No
Spirits of Vengeance,Rob J. Hayes,"",9780957666894,paperback,to-read,2026/02/26,"","",0,"",,,,,,,,,"",,monster-hunting,No
The Dragon Reborn,Robert Jordan,"Kate Reading (Narrator), Michael Kramer (Narrator)",B0006IU3BC,audio,read,2022/01/01,2023/02/09,2023/01/03-2023/02/09,1,"adventurous, inspiring, tense",medium,A mix,Yes,Yes,Yes,Yes,4.75,"","","","",No
Lord of the Flies,William Golding,"",9780140283334,paperback,read,2016/12/26,"","",1,"",,,,,,,3.0,,"",,"",No
"The Mighty Thor, Vol. 2: Lords of Midgard",Jason Aaron,"Rafa Garres (Illustrator), Russell Dauterman (Illustrator)",9780785195238,hardcover,read,2022/07/12,2022/07/12,2022/07/12-2022/07/12,1,adventurous,fast,Plot,No,Yes,No,Yes,3.75,"","","","",No
Skeleton Key,Anthony Horowitz,"",0142406147,paperback,read,2016/12/26,"","",1,"",,,,,,,,,"",,"",No
Carl's Doomsday Scenario,Matt Dinniman,Jeff Hays (Narrator),B0934GTSGT,audio,read,2024/12/11,2024/12/16,2024/12/11-2024/12/16,1,"adventurous, funny, lighthearted, reflective",fast,A mix,Yes,Yes,No,No,4.0,"","","","",No
Hogfather,Terry Pratchett,"Sian Clifford (Narrator), Peter Serafinowicz (Narrator), Bill Nighy (Narrator)","",audio,read,2022/01/01,2025/01/10,2024/12/17-2025/01/10,1,"funny, hopeful, lighthearted",fast,Plot,No,Yes,No,No,3.75,"","","","",No
Guards! Guards!,Terry Pratchett,"",9780061804793,digital,read,2020/09/15,2022/05/04,2022/04/19-2022/05/04,1,funny,fast,Plot,Yes,Yes,Yes,No,5.0,"","","","",No
Berserk Deluxe Volume 6,Kentaro Miura,Duane Johnson (Translator),9781506715230,hardcover,read,2026/02/24,2025/11/25,2025/11/24-2025/11/25,1,"",,,,,,,,,"",,"",No
The Oathsworn Legacy,K.R. Gangi,"",9798864849743,paperback,to-read,2026/02/26,"","",0,"",,,,,,,,,"",,"self-pub, monster-hunting",No
Breach of Peace,Daniel B. Greene,"",B08X7HY537,digital,read,2021/04/13,2021/06/04,2021/06/01-2021/06/04,1,"",,"","","","","",3.75,"","","","",Yes
The Warlock,Michael Scott,"",9780385735339,hardcover,read,2016/12/26,"","",1,"",,,,,,,4.0,,"",,"",No
Witchy Eye,D.J. Butler,"",9781476782119,hardcover,to-read,2026/02/26,"","",0,"",,,,,,,,,"",,self-pub,No
What If?: Serious Scientific Answers to Absurd Hypothetical Questions,Randall Munroe,"",9780544272644,digital,read,2016/12/26,"","",1,"",,,,,,,4.0,,"",,"",No
Making Money,Terry Pratchett,"",9780552167703,paperback,to-read,2026/02/26,"","",0,"",,,,,,,,,"",,"",No
Vision of the Future,Timothy Zahn,"","",hardcover,read,2016/12/26,"","",1,"",,,,,,,5.0,,"",,"",No
Berserk Deluxe Volume 2,Kentaro Miura,Duane Johnson (Translator),9781506711997,hardcover,read,2024/11/13,2024/12/20,2024/10/31-2024/12/20,1,"",,,,,,,,,"",,"",No
Stories of Your Life and Others,Ted Chiang,"",9780330426640,paperback,read,2022/07/17,2023/07/22,2023/07/06-2023/07/22,1,"inspiring, mysterious, reflective",fast,Plot,No,It's complicated,Yes,No,4.75,,"","","",No
The Stand,Stephen King,"",0385199570,hardcover,read,2020/06/09,2020/10/02,2020/10/02,1,"",,,,,,,4.0,"Great story for the journey, but the ending wasn't as satisfying as it could have been.","",,"",Yes
"In the Garden of Beasts: Love, Terror, and an American Family in Hitler's Berlin",Erik Larson,"",9781524708849,audio,read,2024/01/11,2025/03/14,2025/03/08-2025/03/14,1,"dark, informative, tense",medium,,,,,,4.0,"","","","",No
Original Sin,"Dan Slott, Ramon Villalobos, Jason Aaron, Al Ewing, Mark Waid, Charles Soule, Chip Zdarsky, Mark Bagley, Ryan North, Julian Totino-Tedesco, James Robinson, Mike Deodato Jr., Jim Cheung","",,paperback,read,2022/07/08,"","",1,"adventurous, lighthearted",fast,Plot,Yes,No,Yes,Yes,4.0,"","","","",No
The Promise,"Bryan Konietzko, Michael Dante DiMartino, Gene Luen Yang","",9781506717845,paperback,read,2020/09/13,"","",1,"",,,,,,,4.0,,"",,"",Yes
The Mark of Athena,Rick Riordan,"",B007TBZ63Y,digital,read,2016/12/26,"","",1,"",,,,,,,5.0,,"",,"",No
A Dead Djinn in Cairo,P. Djèlí Clark,"",9780765389442,digital,to-read,2026/02/26,"","",0,"",,,,,,,,,"",,"",No
Reaper Man,Terry Pratchett,"Peter Serafinowicz (Narrator), Sian Clifford (Narrator), Bill Nighy (Narrator)",9781473588400,audio,read,2023/05/23,2023/06/12,2023/05/23-2023/06/12,1,"funny, lighthearted, tense",fast,A mix,Yes,Yes,No,No,4.25,"","","","",No
"Tinker, Tailor, Soldier, Spy",John le Carré,"",9780143119784,paperback,to-read,2026/02/26,"","",0,"",,,,,,,,,"",,"",Yes
Wizard and Glass,Stephen King,"",1501161830,digital,read,2016/12/26,2020/07/28,2020/07/28,1,"",,,,,,,5.0,,"",,"",No
Iron Flame,Rebecca Yarros,"",9781649374172,hardcover,read,2023/11/20,2023/11/30,2023/11/20-2023/11/30,1,"adventurous, dark, emotional, mysterious",fast,Plot,No,Yes,No,No,3.75,"","","","",No
Sharp Ends,Joe Abercrombie,"",9780575104679,hardcover,to-read,2026/02/26,"","",0,"",,,,,,,,,"",,"",No
Fourth Wing,Rebecca Yarros,"",9781649374042,hardcover,read,2023/11/14,2023/11/20,2023/11/13-2023/11/20,1,"dark, lighthearted, tense",medium,Plot,It's complicated,No,No,No,2.75,"","","","",No
Red Country,Joe Abercrombie,"",9781399614511,hardcover,to-read,2026/02/26,"","",0,"",,,,,,,,,"",,"",No
Marvel Super-Heroes Secret Wars,"","Mike Zeck (Illustrator), Bob Layton (Illustrator)",9780785158684,paperback,read,2023/11/06,"","",1,"adventurous, lighthearted, tense",fast,"","","","","",4.0,"","","","",No
Demon,Rob J. Hayes,"",9781915440150,paperback,to-read,2026/02/26,"","",0,"",,,,,,,,,"",,"",No
Fevre Dream,George R.R. Martin,"",9780553383058,paperback,to-read,2026/02/26,"","",0,"",,,,,,,,,"",,"",No
Prosper's Demon,K.J. Parker,"",9781250260512,paperback,read,2022/07/18,2023/12/27,2023/12/26-2023/12/27,1,"dark, funny, reflective",fast,Plot,No,No,No,Yes,4.25,"","","","",No
The Big Book of Science Fiction,"Jeff VanderMeer, Ann VanderMeer","",,,paused,2022/07/17,"","",0,"",,,,,,,,,"",,"",No
The Battle for Skandia,John Flanagan,"",0142413402,paperback,read,2016/12/26,"","",1,"",,,,,,,,,"",,"",No
Neon Leviathan,T.R. Napper,"",9780648663591,hardcover,to-read,2026/02/26,"","",0,"",,,,,,,,,"",,cyberpunk,No
Daredevil by Frank Miller and Klaus Janson Omnibus,"Klaus Janson, Frank Miller","",0785126694,hardcover,read,2023/07/26,2023/07/25,2023/07/18-2023/07/25,1,"dark, mysterious, tense",fast,Plot,Yes,Yes,No,It's complicated,4.75,"","","","",Yes
The Silverblood Promise,James Logan,"",9781250345806,paperback,to-read,2026/02/26,"","",0,"",,,,,,,,,"",,"",No
The Truth,Terry Pratchett,"",9780552167635,paperback,to-read,2026/02/26,"","",0,"",,,,,,,,,"",,"",No
The Way of Edan,Philip Chase,"",9798987636503,paperback,to-read,2026/02/26,"","",0,"",,,,,,,,,"",,"self-pub, epic",No
James,Percival Everett,"",9780385550369,hardcover,read,2024/11/24,2025/07/19,2025/07/13-2025/07/19,1,"adventurous, dark, emotional, tense",fast,Character,Yes,It's complicated,No,No,4.75,"","","","",No
The Haunting of Hill House,Shirley Jackson,Laura Miller,9780143039983,paperback,to-read,2026/02/26,"","",0,"",,,,,,,,,"",,"",No
Sixteen Ways to Defend a Walled City,K.J. Parker,"",9780316270793,paperback,to-read,2026/02/26,"","",0,"",,,,,,,,,"",,competence,Yes
Nightrise,Anthony Horowitz,"",,paperback,read,2016/12/26,"","",1,"",,,,,,,,,"",,"",No
Snuff,Terry Pratchett,"",9780552166751,paperback,to-read,2026/02/26,"","",0,"",,,,,,,,,"",,"",No
Murder on the Lamplight Express,Morgan Stang,"",B0CBHZPWFK,digital,to-read,2026/02/26,"","",0,"",,,,,,,,,"",,"self-pub, urban-fantasy",No
Asunder,Kerstin Hall,"",9781250625434,hardcover,to-read,2026/02/26,"","",0,"",,,,,,,,,"",,"",No
Watchmen,Alan Moore,"John Higgins (Illustrator), Dave Gibbons (Illustrator)",9780930289232,paperback,read,2022/08/06,2023/02/15,2023/01/18-2023/02/15,1,"dark, mysterious, tense",fast,Plot,Yes,No,Yes,Yes,4.75,"","","","",No
Daughter of Crows,Mark Lawrence,"",9780593818930,hardcover,to-read,2026/02/26,"","",0,"",,,,,,,,,"",,"",No
Defying Destiny,Andrew Rowe,"",B0844PZMPR,audio,read,2022/08/06,2022/08/11,2022/08/06-2022/08/11,1,adventurous,fast,Plot,No,It's complicated,Yes,Yes,3.75,"","","","",No
Angels & Demons,Dan Brown,"",9780743412391,digital,read,2016/12/26,"","",1,"",,,,,,,4.0,,"",,"",No
Side Jobs: Stories From the Dresden Files,Jim Butcher,"",9780451463654,hardcover,read,2021/08/19,2021/09/02,2021/08/19-2021/09/02,1,"",,"","","","","",3.75,"","","","",No
Midnight in Chernobyl: The Untold Story of the World's Greatest Nuclear Disaster,Adam Higginbotham,Jacques Roy (Narrator),9781508278511,audio,read,2022/01/09,2025/05/20,2025/05/11-2025/05/20,1,"dark, informative, tense",fast,,,,,,3.75,"","","","",No
The Last Contract of Isako,Fonda Lee,"",9780356526713,hardcover,to-read,2026/02/26,"","",0,"",,,,,,,,,"",,"cyberpunk, space-opera",No
The Book of Fallen Leaves,A.S. Tamaki,"",9780356525884,hardcover,to-read,2026/02/26,"","",0,"",,,,,,,,,"",,"",No
The Rivers of Zadaa,D.J. MacHale,"",0689869126,paperback,read,2016/12/26,"","",1,"",,,,,,,4.0,,"",,"",No
The Sparrow,Mary Doria Russell,"","",paperback,to-read,2026/02/26,"","",0,"",,,,,,,,,"",,post-apocalyptic,No
Windhaven,"Lisa Tuttle, George R.R. Martin","",9780553577907,paperback,to-read,2026/02/26,"","",0,"",,,,,,,,,"",,"",No
The Last Wish,Andrzej Sapkowski,Danusia Stok (Translator),9780316149655,digital,read,2016/12/26,2018/05/21,2018/05/21,1,"",,,,,,,5.0,,"",,monster-hunting,Yes
The Wisdom of Crowds,Joe Abercrombie,"",9780316187244,hardcover,to-read,2026/02/26,"","",0,"",,,,,,,,,"",,"",No
Legends & Lattes,Travis Baldree,Travis Baldree (Narrator),9798985663228,audio,read,2022/05/24,2024/04/09,2024/04/07-2024/04/09,1,"emotional, reflective, relaxing",slow,Character,Yes,Yes,Yes,No,3.75,"","","","",No
Tress of the Emerald Sea,Brandon Sanderson,Howard Lyon (Illustrator),9781250899651,hardcover,read,2023/01/05,2023/01/18,2023/01/05-2023/01/18,1,"adventurous, funny, lighthearted",fast,Plot,Yes,Yes,No,No,4.25,"","","","",Yes
Academic Exercises,K.J. Parker,"",9781596066441,digital,to-read,2026/02/26,"","",0,"",,,,,,,,,"",,"",No
Wieża Jaskółki,Andrzej Sapkowski,"",8370541240,paperback,read,2020/09/06,"","",1,"",,,,,,,,,"",,"",No
A Touch of Light,Thiago Abdalla,"",B09QMJF167,digital,to-read,2026/02/26,"","",0,"",,,,,,,,,"",,"self-pub, epic",No
A Drop of Corruption ,Robert Jackson Bennett,"",9781399725422,digital,read,2024/11/27,2025/06/09,2025/06/02-2025/06/09,1,"dark, mysterious, tense",fast,Plot,Yes,It's complicated,Yes,No,5.0,"","","",competence,Yes
Dune Messiah,Frank Herbert,"",9780593548448,hardcover,read,2023/12/02,2023/12/25,2023/12/20-2023/12/25,1,"dark, mysterious, reflective",fast,Character,No,No,No,Yes,3.75,"","","","",Yes
"Braiding Sweetgrass: Indigenous Wisdom, Scientific Knowledge, and the Teachings of Plants",Robin Wall Kimmerer,Robin Wall Kimmerer (Narrator),9781515975908,audio,paused,2025/03/19,"","",0,"",,,,,,,,,"",,"",No
Dark Force Rising,Timothy Zahn,"",0553560719,paperback,read,2016/12/26,"","",1,"",,,,,,,5.0,,"",,"",No
Morning Star,Pierce Brown,Tim Gerard Reynolds (Narrator),9781464042102,audio,read,2026/01/22,2026/02/24,2026/01/22-2026/02/24,1,"adventurous, emotional, tense",fast,Plot,It's complicated,Yes,No,Yes,5.0,"","","","",No
Stealing Sorcery,Andrew Rowe,Nick Podehl (Narrator),B01ETJLP9C,audio,read,2022/07/15,2022/08/06,2022/07/15-2022/08/06,1,"adventurous, mysterious",medium,Plot,Yes,Yes,Yes,Yes,4.0,"","","","",No
Revelation Space,Alastair Reynolds,"",9780441009428,paperback,to-read,2026/02/26,"","",0,"",,,,,,,,,"",,space-opera,No
Harry Potter and the Prisoner of Azkaban,J.K. Rowling,Mary GrandPré (Illustrator),9780439136365,paperback,read,2016/12/26,"","",1,"",,,,,,,5.0,,"",,"",No
The Lost City of Faar,D.J. MacHale,"",0743437322,paperback,read,2016/12/26,"","",1,"",,,,,,,5.0,,"",,"",No
Night Watch,Terry Pratchett,"",9780552167666,paperback,to-read,2026/02/26,"","",0,"",,,,,,,,,"",,"",No
"Daredevil by Brian Michael Bendis & Alex Maleev: Ultimate Collection, Book 3",Brian Michael Bendis,Alex Maleev (Illustrator),9780785149514,paperback,read,2025/02/10,2025/02/22,2025/02/14-2025/02/22,1,"adventurous, challenging, dark, tense",fast,Character,Yes,No,No,Yes,4.25,"","","","",No
Warbreaker,Brandon Sanderson,Alyssa Bresnahan (Narrator),9781501901737,audio,read,2020/07/26,2021/12/16,2021/12/06-2021/12/16,1,"",medium,"","","","","",4.75,"","","","",Yes
A Clockwork Orange,Anthony Burgess,"",9780393341768,paperback,to-read,2026/02/26,"","",0,"",,,,,,,,,"",,"",No
The Lightning Thief,Rick Riordan,"",0786838655,paperback,read,2016/12/26,"","",1,"",,,,,,,5.0,,"",,"",No
Mythos,Stephen Fry,"",9781452184715,audio,to-read,2026/02/26,"","",0,"",,,,,,,,,"",,"",No
The Book Thief,Markus Zusak,"",9780375831003,hardcover,to-read,2026/02/26,"","",0,"",,,,,,,,,"",,"",No
The Bone Ships,R.J. Barker,"",9780316487962,paperback,to-read,2026/02/26,"","",0,"",,,,,,,,,"",,sailing,Yes
Ashes of Man,Christopher Ruocchio,"",9780756416607,hardcover,read,2024/02/06,2024/05/09,2024/04/29-2024/05/09,1,"dark, emotional, reflective, sad, tense",fast,Character,Yes,Yes,No,Yes,4.5,"","","","",No
Slow Horses,Mick Herron,"",9781569479018,digital,to-read,2026/02/26,"","",0,"",,,,,,,,,"",,"",No
The Last Olympian,Rick Riordan,"",1423101502,paperback,read,2016/12/26,"","",1,"",,,,,,,5.0,,"",,"",No
The Brothers Karamazov,Fyodor Dostoevsky,"Richard Pevear (Translator), Larissa Volokhonsky (Translator)",9780374528379,paperback,to-read,2026/02/26,"","",0,"",,,,,,,,,"",,"",No
Parable of the Sower,Octavia E. Butler,Lynne Thigpen (Narrator),9781440761577,audio,read,2020/08/03,2025/06/23,2025/06/13-2025/06/23,1,"dark, emotional, reflective, sad",slow,Character,It's complicated,Yes,Yes,No,2.75,"","","","",Yes
Norse Mythology,Neil Gaiman,Neil Gaiman (Narrator),9870393609097,audio,read,2017/03/22,"","",1,"",,,,,,,5.0,,"",,"",Yes
The Gunslinger,Stephen King,"",9780452284692,paperback,read,2016/12/26,2019/05/22,2019/05/22,1,"",,,,,,,3.0,,"",,"",No
Carpe Jugulum,Terry Pratchett,"Bill Nighy (Narrator), Steven Cree (Narrator), Peter Serafinowicz (Narrator), Indira Varma (Narrator)",9781473588448,audio,read,2023/12/08,2024/02/26,2024/02/15-2024/02/26,1,"funny, lighthearted, tense",fast,A mix,Yes,Yes,No,Yes,4.75,"","","","",No
Orconomics,J. Zachary Pike,"",9780990859604,digital,to-read,2026/02/26,"","",0,"",,,,,,,,,"",,self-pub,Yes
Dragon Mage,M.L. Spencer,"","",digital,to-read,2026/02/26,"","",0,"",,,,,,,,,"",,"self-pub, dragon-rider",No
The Golden Compass,Philip Pullman,"",9780679879244,hardcover,to-read,2026/02/26,"","",0,"",,,,,,,,,"",,"",No
Harry Potter and the Order of the Phoenix,J.K. Rowling,Mary GrandPré (Illustrator),9780613999168,paperback,read,2016/12/26,"","",1,"",,,,,,,5.0,,"",,"",No
The Shadow Rising,Robert Jordan,"Kate Reading (Narrator), Michael Kramer (Narrator)",9781593975340,audio,read,2023/02/09,2023/04/26,2023/02/09-2023/04/26,1,"adventurous, emotional, mysterious, tense",medium,A mix,Yes,Yes,Yes,Yes,5.0,"","","","",No
Never Die,Rob J. Hayes,"",B07K7WM7TP,digital,to-read,2026/02/26,"","",0,"",,,,,,,,,"",,"",Yes
The Land of the Living and the Dead,Shauna Lawless,"",9781803282725,hardcover,to-read,2026/03/18,"","",0,"",,,,,,,,,"",,"",No
Rebel's Creed,Daniel B. Greene,"",B09GJLJBT6,digital,read,2021/11/07,2021/11/08,2021/11/07-2021/11/08,1,"",,"","","","","",4.0,"","","","",No
The Heroes,Joe Abercrombie,Steven Pacey (Narrator),9781478911265,audio,read,2026/02/26,2026/05/11,2026/04/21-2026/05/11,1,"dark, funny, tense",fast,Character,It's complicated,Yes,"","",4.0,"","","","",No
The Tainted Cup,Robert Jackson Bennett,"",9781984820709,hardcover,read,2023/11/23,2024/06/05,2024/05/27-2024/06/05,1,"mysterious, tense",fast,Plot,No,Yes,No,No,4.25,"","","","",No
Murder on Hunter's Eve,Morgan Stang,"",B0D54FPW8Z,digital,to-read,2026/02/26,"","",0,"",,,,,,,,,"",,"self-pub, urban-fantasy",No
To Ride Hell's Chasm,Janny Wurts,"",9780007101115,paperback,to-read,2026/02/26,"","",0,"",,,,,,,,,"",,"",No
Red Sister,Mark Lawrence,"",9781101988855,hardcover,to-read,2026/02/26,"","",0,"",,,,,,,,,"",,grimdark,Yes
The Butcher's Masquerade,Matt Dinniman,Jeff Hays (Narrator),B09ZJ84HC2,audio,read,2025/02/22,2025/03/06,2025/02/22-2025/03/06,1,"adventurous, funny, reflective",fast,A mix,Yes,Yes,Yes,No,5.0,"","","","",Yes
Challenger: A True Story of Heroism and Disaster on the Edge of Space,Adam Higginbotham,Jacques Roy (Narrator),9781797179483,audio,read,2025/10/13,2025/10/19,2025/10/13-2025/10/19,1,"informative, inspiring, reflective, sad",medium,,,,,,4.25,"","","","",No
Moving Pictures,Terry Pratchett,"Bill Nighy (Narrator), Jason Isaacs (Narrator), Peter Serafinowicz (Narrator)",9781473588271,audio,read,2025/10/20,2025/10/29,2025/10/20-2025/10/29,1,"funny, lighthearted, reflective",fast,Plot,No,Yes,No,No,3.5,"","","","",No
"Thor, Volume 2: Who Holds the Hammer?",Jason Aaron,"N.D. Stevenson, Marguerite Sauvage, Rob Guillory, C.M. Punk, Jorge Molina, Russell Dauterman, Timothy Truman",9780785197843,hardcover,read,2022/07/08,2022/07/12,2022/07/08-2022/07/12,1,adventurous,fast,Character,Yes,Yes,No,Yes,4.0,"","","","",No
Scorpia,Anthony Horowitz,"",9780439862257,paperback,read,2016/12/26,"","",1,"",,,,,,,,,"",,"",No
Sea of Tranquility,Emily St. John Mandel,"",9780593321447,hardcover,to-read,2026/02/26,"","",0,"",,,,,,,,,"",,time-travel,No
King Sorrow,Joe Hill,"",9780062200600,hardcover,to-read,2026/02/26,"","",0,"",,,,,,,,,"",,"",No
Nothing Is True and Everything Is Possible: The Surreal Heart of the New Russia,Peter Pomerantsev,"",9781610394550,hardcover,to-read,2026/03/02,"","",0,"",,,,,,,,,"",,"",No
Artemis Fowl,Eoin Colfer,"",9780786817870,paperback,read,2016/12/26,"","",1,"",,,,,,,4.0,,"",,"",No
"Avengers by Jason Aaron, Vol. 3: War of the Vampires","David Marquez, Jason Aaron, Andrea Sorrentino","",9781302514099,digital,read,2023/03/01,2023/03/07,2023/03/01-2023/03/07,1,"",,,,,,,,,"",,"",No
Fire & Blood,George R.R. Martin,"",9780593357538,paperback,read,2019/02/05,2019/04/02,2019/04/02,1,"",,,,,,,3.0,,"",,"",Yes
Pawn's Gambit,Rob J. Hayes,"",9780957666870,paperback,to-read,2026/02/26,"","",0,"",,,,,,,,,"",,monster-hunting,No
Gone Girl,Gillian Flynn,"",9780385347778,paperback,to-read,2026/02/26,"","",0,"",,,,,,,,,"",,"",No
The Andromeda Strain,Michael Crichton,"",9780060541811,paperback,to-read,2026/02/26,"","",0,"",,,,,,,,,"",,near-future,Yes
Discovery,J.A.J. Minton,"",9798992358209,paperback,read,2025/02/12,2025/10/18,2025/10/06-2025/10/18,1,"dark, mysterious, tense",medium,Plot,It's complicated,No,Yes,No,4.25,,"","",self-pub,No
A Dance with Dragons,George R.R. Martin,"",9780553801477,hardcover,read,2016/12/26,2017/10/24,2017/10/24,1,"",,,,,,,5.0,,"",,"",No
The Dregs of Empire,Christopher Ruocchio,"",B0CK4DRCHD,digital,read,2025/08/21,2025/08/26,2025/08/20-2025/08/26,1,"adventurous, dark, reflective, tense",fast,A mix,Yes,Yes,No,Yes,4.5,"","","","",No
Dissolution,C.J. Sansom,"",9780330411967,paperback,to-read,2026/02/26,"","",0,"",,,,,,,,,"",,"",No
A Song of Legends Lost,M.H. Ayinde,"",9781668086841,digital,to-read,2026/02/27,"","",0,"",,,,,,,,,"",,non-western-fantasy,No
The Devil in the White City,Erik Larson,Scott Brick (Narrator),9780739303405,audio,read,2023/12/27,2024/02/10,2024/01/31-2024/02/10,1,"dark, inspiring",fast,,,,,,3.75,"","","","",No
Towers of Midnight,"Brandon Sanderson, Robert Jordan","","",hardcover,read,2024/11/08,2024/11/16,2024/11/08-2024/11/16,1,"adventurous, emotional, tense",fast,A mix,Yes,Yes,Yes,It's complicated,4.75,"","","","",No
A Little Hatred,Joe Abercrombie,"",9780316187169,hardcover,to-read,2026/02/26,"","",0,"",,,,,,,,,"",,"",Yes
Killers of the Flower Moon: The Osage Murders and the Birth of the FBI,David Grann,"",9780385534253,digital,to-read,2026/02/26,"","",0,"",,,,,,,,,"",,"",No
"The Mighty Thor, Vol. 5: The Death of the Mighty Thor",Jason Aaron,"Russell Dauterman (Illustrator), Walt Simonson (Illustrator)",9781302906603,hardcover,read,2023/01/27,2023/02/09,2023/01/27-2023/02/09,1,"",,,,,,,,,"",,"",No
The Goblin Emperor,Katherine Addison,"",9780765326997,hardcover,to-read,2026/02/26,"","",0,"",,,,,,,,,"",,"competence, political-intrigue",Yes
Maskerade,Terry Pratchett,"Indira Varma (Narrator), Peter Serafinowicz (Narrator), Bill Nighy (Narrator)",9781473588547,audio,read,2022/10/17,2022/10/23,2022/10/17-2022/10/23,1,"funny, lighthearted, mysterious",fast,Character,No,Yes,No,No,4.5,"","","","",No
Shōgun,James Clavell,"",9781982603847,paperback,to-read,2026/02/26,"","",0,"",,,,,,,,,"",,"",No
The Gates of Rome,Conn Iggulden,"",9780440240945,paperback,to-read,2026/02/26,"","",0,"",,,,,,,,,"",,"",No
Stormbreaker,Anthony Horowitz,"","",paperback,read,2016/12/26,"","",1,"",,,,,,,,,"",,"",No
The Enchantress,Michael Scott,"",9780385735353,hardcover,read,2016/12/26,"","",1,"",,,,,,,4.0,,"",,"",No
Isles of the Emberdark,Brandon Sanderson,Esther Hi‘ilani Candari (Illustrator),9781938570506,hardcover,read,2025/06/24,2025/08/02,2025/07/22-2025/08/02,1,"adventurous, reflective, tense",fast,A mix,Yes,Yes,Yes,Yes,4.75,"","","","",No
The Book That Broke the World,Mark Lawrence,"",9780593437964,digital,read,2024/04/10,2024/04/19,2024/04/10-2024/04/19,1,"adventurous, dark, mysterious, tense",fast,Plot,Yes,Yes,No,No,4.25,"","","","",No
"The Mighty Thor, Vol. 3: The Asgard/Shi'ar War",Jason Aaron,"Steve Epting (Illustrator), Russell Dauterman (Illustrator)",9781302903084,hardcover,read,2022/07/12,2022/07/30,2022/07/12-2022/07/30,1,adventurous,fast,Plot,No,No,No,Yes,3.5,"","","","",No
The World of Ice & Fire: The Untold History of Westeros and the Game of Thrones,"Linda Antonsson, Elio M. García Jr., George R.R. Martin","","",hardcover,read,2016/12/26,"","",1,"",,,,,,,,,"",,"",No
Storm Front,Jim Butcher,"",9781101128657,digital,read,2020/06/24,"","",1,"",,,,,,,4.0,,"",,"",No
Brisingr,Christopher Paolini,"",9780375826726,hardcover,read,2016/12/26,"","",1,"",,,,,,,5.0,,"",,"",No
Pani Jeziora,Andrzej Sapkowski,"",8370541291,paperback,read,2020/09/06,"","",1,"",,,,,,,,,"",,"",No
A Trade of Blood,Robert Jackson Bennett,"",9780593723852,hardcover,to-read,2026/02/26,"","",0,"",,,,,,,,,"",,"",No
Harry Potter and the Half-Blood Prince,J.K. Rowling,Mary GrandPré (Illustrator),9780439784542,hardcover,read,2016/12/26,"","",1,"",,,,,,,5.0,,"",,"",No
"Tales of the Sun Eater, Vol. 3",Christopher Ruocchio,"",B0CGVJS91D,digital,read,2025/06/24,2025/09/02,2025/08/26-2025/09/02,1,"",,"","","","","",4.0,"","","","",No
Tokyo Express,Seichō Matsumoto,Jesse Kirkwood (Translator),9780241439074,paperback,to-read,2026/02/26,"","",0,"",,,,,,,,,"",,"",No
The Tower of Swallows,Andrzej Sapkowski,David French (Translator),B01C3LHS1C,digital,read,2021/04/29,2018/10/09,2018/10/01-2018/10/09,1,"",,"","","","","",3.75,"","","","",Yes
The Shadow of the Torturer,Gene Wolfe,"",9780671540661,paperback,read,2022/12/22,2026/01/17,2026/01/08-2026/01/17,1,"challenging, dark",,"","","","","",4.0,"","","",post-apocalyptic,Yes
Katabasis,R.F. Kuang,"",9780063021471,hardcover,read,2024/12/19,2026/02/07,2026/01/26-2026/02/07,1,"adventurous, emotional, mysterious",medium,Character,No,No,No,Yes,3.25,"","","","",Yes
Thor Vol. 1: God of Thunder Reborn,Jason Aaron,"Jeff Youngquist (Contributor), Christian Ward (Illustrator), Mike Del Mundo (Illustrator)",9781302912895,paperback,read,2023/02/09,2023/02/10,2023/02/09-2023/02/10,1,"",,,,,,,,,"",,"",No
'Salem's Lot,Stephen King,"","",paperback,read,2020/07/10,2021/07/19,2021/06/24-2021/07/19,1,"dark, mysterious, tense",medium,A mix,Yes,Yes,No,No,4.75,,"","","",Yes
The Sunlit Man,Brandon Sanderson,"Kudriaken (Illustrator), Ernanda Souza (Illustrator), Nabetse Zitro (Illustrator)",9781938570391,hardcover,read,2023/10/18,2023/10/27,2023/10/17-2023/10/27,1,"",,Plot,Yes,Yes,No,Yes,4.25,"","","","",Yes
Empire of the Vampire,Jay Kristoff,Bon Orthwick (Illustrator),9781250245281,hardcover,to-read,2026/02/26,"","",0,"",,,,,,,,,"",,"",Yes
The Buffalo Hunter Hunter,Stephen Graham Jones,"",9781668075081,hardcover,to-read,2026/02/26,"","",0,"",,,,,,,,,"",,"",No
Rogue Protocol,Martha Wells,Kevin R. Free (Narrator),9781501999796,audio,read,2022/03/31,2022/04/08,2022/03/31-2022/04/08,1,"",fast,Character,Yes,Yes,No,Yes,4.75,"","","","",No
Equal Rites,Terry Pratchett,"Bill Nighy (Narrator), Peter Serafinowicz (Narrator), Indira Varma (Narrator)",9781473588103,audio,read,2022/04/30,2022/06/01,2022/05/24-2022/06/01,1,"adventurous, funny, mysterious",medium,Character,Yes,Yes,Yes,Yes,3.75,"","","","",No
The Never War,D.J. MacHale,"",9781416936275,hardcover,read,2016/12/26,"","",1,"",,,,,,,4.0,,"",,"",No
The Sea of Monsters,Rick Riordan,"",1423103343,paperback,read,2016/12/26,"","",1,"",,,,,,,5.0,,"",,"",No
Black Sun,Rebecca Roanhorse,"",9781534437678,hardcover,to-read,2026/02/26,"","",0,"",,,,,,,,,"",,non-western-fantasy,No
Gods of the Wyrdwood,R.J. Barker,"",9780316401586,paperback,to-read,2026/02/26,"","",0,"",,,,,,,,,"",,"",No
Howling Dark,Christopher Ruocchio,"",9780756413033,hardcover,read,2024/01/26,2024/02/15,2024/01/26-2024/02/15,1,"adventurous, dark, reflective, tense",medium,Character,Yes,Yes,It's complicated,Yes,4.75,"","","","",Yes
Impact Winter,Travis Beacham,"Indira Varma (Narrator), David Gyasi (Narrator), Himesh Patel (Narrator), Holliday Grainger (Narrator), Bella Ramsey (Narrator), Esmé Creed-Miles (Narrator), Liam Cunningham (Narrator), Caroline Ford (Narrator)",B09PSPS2WD,audio,read,2022/03/14,2022/03/23,2022/03/14-2022/03/23,1,"",,,,,,,,,"",,"",No
The Sword of Kaigen,M.L. Wang,"",B07MNWKF2M,digital,read,2020/08/05,2023/05/30,2023/04/26-2023/05/30,1,"dark, emotional, reflective, tense",medium,Character,Yes,Yes,Yes,Yes,4.75,"","","","",Yes
The Eye of the World,Robert Jordan,"Michael Kramer (Narrator), Kate Reading (Narrator)",B00026WUO6,audio,read,2022/01/01,2022/11/21,2022/10/23-2022/11/21,1,"adventurous, mysterious, tense",medium,Plot,Yes,Yes,It's complicated,Yes,4.0,,"","","",No
The Lost Metal,Brandon Sanderson,"",9781473215269,hardcover,read,2020/08/13,2022/12/09,2022/11/13-2022/12/09,1,"adventurous, emotional, funny, lighthearted",fast,A mix,Yes,Yes,No,Yes,4.25,,"","","",No
Exhalation,Ted Chiang,"",9781101947883,hardcover,read,2022/07/17,2023/06/14,2023/06/07-2023/06/14,1,"challenging, dark, inspiring, reflective",fast,A mix,No,Yes,Yes,It's complicated,4.25,"","","","",No
Into Thin Air: A Personal Account Of The Mt. Everest Disaster,Jon Krakauer,"",9780333717523,paperback,to-read,2026/02/26,"","",0,"",,,,,,,,,"",,survival,No
The Necromancer,Michael Scott,"",9780385905169,hardcover,read,2016/12/26,"","",1,"",,,,,,,4.0,,"",,"",No
Annihilation,Jeff VanderMeer,"",9780374104092,paperback,read,2021/08/27,2021/12/06,2021/11/11-2021/12/06,1,"challenging, mysterious, reflective",slow,Plot,No,No,No,Yes,2.0,"","","","",No
The Spy Who Came In from the Cold,John le Carré,"",9780743442534,paperback,to-read,2026/02/26,"","",0,"",,,,,,,,,"",,"",No
The Eye of the Bedlam Bride,Matt Dinniman,"Travis Baldree (Narrator), Jeff Hays (Narrator), Patrick Warburton (Narrator)",B0CDXVN7BB,audio,read,2025/03/16,2025/04/03,2025/03/16-2025/04/03,1,"adventurous, funny, reflective, tense",fast,A mix,Yes,Yes,Yes,It's complicated,4.75,"","","","",Yes
Dogs of War,Adrian Tchaikovsky,"",9781786693884,hardcover,to-read,2026/02/26,"","",0,"",,,,,,,,,"",,military,No
Dämoren,Seth Skorkowsky,"",9781370486076,digital,"","","","","","","","","","","","","","","","","monster-hunting, urban-fantasy",No
The Indifferent Stars Above: The Harrowing Saga of a Donner Party Bride,Daniel James Brown,"",9780061348105,hardcover,"","","","","","","","","","","","","","","","",survival,No
These Silent Woods,Kimi Cunningham Grant,"",9781250793393,hardcover,"","","","","","","","","","","","","","","","",survival,No
Rotten Gods,Jeremy Bruce Adams,"","",digital,"","","","","","","","","","","","","","","","","self-pub, cosmic-horror",No
Bastion,Phil Tucker,"",B09KNXZZR5,digital,"","","","","","","","","","","","","","","","","self-pub, progression-fantasy",No
Kings of Paradise,Richard Nell,"",9781721140084,paperback,"","","","","","","","","","","","","","","","","self-pub, grimdark",No
Rise of the Ranger,Philip C. Quaintrell,"",B072BL3C3C,digital,"","","","","","","","","","","","","","","","","self-pub, dragon-rider",No
The Red Winter,Cameron Sullivan,"Imogen Church (Narrator), Rory Barnett (Narrator)",9781250402295,audio,"","","","","","","","","","","","","","","","",monster-hunting,No
The Silverblood Promise,James Logan,"",9781529432824,hardcover,"","","","","","","","","","","","","","","","",epic,No
Slow Gods,Claire North,"",9780316586306,paperback,"","","","","","","","","","","","","","","","",space-opera,No
The Forgetting Moon,Brian Lee Durfee,"",9781481465229,hardcover,"","","","","","","","","","","","","","","","",epic,No
Mother of Learning: ARC 1,"Domagoj Kurmaić, nobody103","","",digital,"","","","","","","","","","","","","","","","",progression-fantasy,No
Purple and Black,K.J. Parker,"",9781596062412,hardcover,"","","","","","","","","","","","","","","","",competence,No
The Price of Power ,Michael Michel,"",B0BNXYDVZT,digital,"","","","","","","","","","","","","","","","","self-pub, military",No
Count Zero,William Gibson,"",9781473217409,paperback,"","","","","","","","","","","","","","","","",cyberpunk,No
Burning Chrome,William Gibson,"John Shirley, Bruce Sterling, Michael Swanwick",9780060539825,paperback,"","","","","","","","","","","","","","","","",cyberpunk,No
Rendezvous with Rama,Arthur C. Clarke,"",9781857231588,paperback,"","","","","","","","","","","","","","","","",first-contact,No
Theft of Swords,Michael J. Sullivan,"",,paperback,"","","","","","","","","","","","","","","","",heist,Yes
The Complete Robot,Isaac Asimov,"","",digital,"","","","","","","","","","","","","","","","",near-future,No
A Drowned Kingdom,P.L. Stuart,"",9781525589317,paperback,"","","","","","","","","","","","","","","","",self-pub,No
Way of the Wizard,Michael Michel,"",B0CZ96FTV9,digital,"","","","","","","","","","","","","","","","","self-pub, epic",No
Thrill Switch,Tim Hawken,"",9780645579109,paperback,"","","","","","","","","","","","","","","","","self-pub, cyberpunk",No
A Deadly Education,Naomi Novik,"",B084L85MZ7,digital,"","","","","","","","","","","","","","","","",magic-school,No
Altered Carbon,Richard K. Morgan,"",9780575081246,paperback,"","","","","","","","","","","","","","","","",cyberpunk,No
Dragon Rider,Taran Matharu,"",9780008517632,hardcover,"","","","","","","","","","","","","","","","",dragon-rider,No
The Bartender Between Worlds,Herman Steuernagel,"",9781990505195,paperback,"","","","","","","","","","","","","","","","",self-pub,No
Dead Things,Stephen Blackmoore,"",,digital,"","","","","","","","","","","","","","","","",urban-fantasy,No
The Rage of Dragons,Evan Winter,"",B07NJC4HFM,digital,"","","","","","","","","","","","","","","","",military,Yes
The Winds of War,Mosha Winter,"",B0F9SCV4CJ,digital,"","","","","","","","","","","","","","","","",self-pub,No
Knightmare Arcanist,Shami Stovall,"",9780998045221,paperback,"","","","","","","","","","","","","","","","","self-pub, monster-hunting",Yes
Legacy of the Brightwash,Krystle Matar,"",9781777479206,paperback,"","","","","","","","","","","","","","","","","self-pub, urban-fantasy",No
The Umbral Storm,Alec Hutson,"",9781734257458,paperback,"","","","","","","","","","","","","","","","","self-pub, litrpg",No
Malice,John Gwynne,"",9780330545754,paperback,"","","","","","","","","","","","","","","","",epic,No
Cage of Souls,Adrian Tchaikovsky,"",9781788547383,paperback,"","","","","","","","","","","","","","","","",post-apocalyptic,No
Timeline,Michael Crichton,"",0345417623,paperback,"","","","","","","","","","","","","","","","",time-travel,No
We Are Legion (We Are Bob),Dennis E. Taylor,"",9781680680324,paperback,"","","","","","","","","","","","","","","","",space-opera,No
Starship Troopers,Robert A. Heinlein,"","",paperback,"","","","","","","","","","","","","","","","",military,No
Battle Angel Alita Vol. 1: Rusty Angel,Yukito Kishiro,"Rachel Thorn (Translator), Fred Burke (Translator), Sterling Bell (Translator)",9781569310038,paperback,"","","","","","","","","","","","","","","","",cyberpunk,No
Temeraire,Naomi Novik,"",9780007258710,paperback,"","","","","","","","","","","","","","","","",dragon-rider,No
The Beast Hunters,Christer Lende,"",9788269215038,digital,"","","","","","","","","","","","","","","","","self-pub, monster-hunting",No
Of Thieves and Shadows,B.S.H. Garcia,"",9798986720814,digital,"","","","","","","","","","","","","","","","",self-pub,No
More Lore From The Mythos,"Aaron White, Edward Morris, Valerie Lioudis","",9781733523950,paperback,"","","","","","","","","","","","","","","","","self-pub, cosmic-horror, short-stories, horror",No
Priest of Bones,Peter McLean,"",9780451490216,paperback,"","","","","","","","","","","","","","","","","self-pub, grimdark",No
"Tokyo Ghost, Vol. 1: Atomic Garden",Rick Remender,Sean Gordon Murphy (Illustrator),9781632156631,paperback,"","","","","","","","","","","","","","","","",cyberpunk,No
Climbing the Ranks,Tao Wong,"",9781778551369,paperback,"","","","","","","","","","","","","","","","",progression-fantasy,No
The Grace of Kings,Ken Liu,"","",digital,"","","","","","","","","","","","","","","","",epic,No
Into the Labyrinth,John Bierce,"",B07J675X2C,digital,"","","","","","","","","","","","","","","","","self-pub, magic-school, progression-fantasy",Yes
A Memory Called Empire,Arkady Martine,"",9781250186454,digital,"","","","","","","","","","","","","","","","","competence, space-opera",No
Sky's End,Marc J Gregson,"",9781682635766,hardcover,"","","","","","","","","","","","","","","","","self-pub, monster-hunting",No
A Breaking of Realms,Jasmine Young,"","",digital,"","","","","","","","","","","","","","","","","self-pub, dragon-rider",No
Eleventh Cycle,Kian N. Ardalan,"",B0BD7T5WRL,digital,"","","","","","","","","","","","","","","","","self-pub, grimdark",No
The Winds of Winter,George R.R. Martin,"","",hardcover,"","","","","","","","","","","","","","","","","political-intrigue, dragon-rider, epic",No
Shattered Spirits: The Fall of Ishcairn,Cal Black,"",1778071791,digital,"","","","","","","","","","","","","","","","",cosmic-horror,No
Asunder,Kerstin Hall,"",9781250625427,digital,"","","","","","","","","","","","","","","","",cosmic-horror,No
Design of Darkness,R.D. Pires,"",9781956037364,digital,"","","","","","","","","","","","","","","","",self-pub,No
An Altar on the Village Green,Nathan Hall,"",B094G8M5BG,digital,"","","","","","","","","","","","","","","","","self-pub, cosmic-horror",No
Ghost in the Shell Volume 1 2nd edition TPB,Shirow Masamune,"",9781593072285,paperback,"","","","","","","","","","","","","","","","",cyberpunk,No
The Space Between Worlds,Micaiah Johnson,"",9780593135051,hardcover,"","","","","","","","","","","","","","","","",time-travel,No
The Jasmine Throne,Tasha Suri,"",9780356515649,paperback,"","","","","","","","","","","","","","","","",non-western-fantasy,No
Moon Called,Patricia Briggs,"",9780441013814,paperback,"","","","","","","","","","","","","","","","",urban-fantasy,No
The Adventures of Amina Al-Sirafi,Shannon Chakraborty,"",9780062963505,hardcover,"","","","","","","","","","","","","","","","",sailing,No
The Three-Body Problem,Cixin Liu,Ken Liu (Translator),9780765382030,paperback,"","","","","","","","","","","","","","","","","competence, first-contact",Yes
The Last Ranger,J.D.L. Rosell,"",9781952868184,digital,"","","","","","","","","","","","","","","","","self-pub, monster-hunting",No
The Wickwire Watch,Jacquelyn Hagen,"",9781958853009,paperback,"","","","","","","","","","","","","","","","","urban-fantasy, political-intrigue",No
Nicked,M.T. Anderson,"",9780593701607,hardcover,"","","","","","","","","","","","","","","","",heist,No
The Raven Scholar,Antonia Hodgson,"",9781529339888,digital,"","","","","","","","","","","","","","","","",mystery,No
Sons of Darkness,Gourav Mohanty,"",B09YS3H8HK,digital,"","","","","","","","","","","","","","","","","non-western-fantasy, epic",No
The Ninth Rain,Jen Williams,"",9781472235176,paperback,"","","","","","","","","","","","","","","","",monster-hunting,No
Sea of Rust,C. Robert Cargill,"",9781473212787,paperback,"","","","","","","","","","","","","","","","",post-apocalyptic,No
The Ember Blade,Chris Wooding,"",9781473214842,hardcover,"","","","","","","","","","","","","","","","","self-pub, heist, epic",Yes
Million Dollar Demon,Kim Harrison,"",9780593101445,hardcover,"","","","","","","","","","","","","","","","",urban-fantasy,No
Babel,R.F. Kuang,"",9780008501815,hardcover,"","","","","","","","","","","","","","","","",magic-school,No
The Mask of Mirrors,M.A. Carrick,"",9780356515175,paperback,"","","","","","","","","","","","","","","","",political-intrigue,No
The Nothing That Is,Kyle Winkler,"",9798722044952,paperback,"","","","","","","","","","","","","","","","",cosmic-horror,No
Voice of War,Zack Argyle,"",9781734601114,paperback,"","","","","","","","","","","","","","","","",self-pub,Yes
Firefall,Peter Watts,"",B00KFDQXD0,digital,"","","","","","","","","","","","","","","","",first-contact,No
Ship of Magic,Robin Hobb,"",9780006498858,paperback,"","","","","","","","","","","","","","","","",sailing,No
Fated,Benedict Jacka,"",9781937007294,paperback,"","","","","","","","","","","","","","","","",urban-fantasy,No
Whispers of the Storm,Z.B. Steele,"",B0DPLWZC48,digital,"","","","","","","","","","","","","","","","",self-pub,No
Kraken Rider Z,"Dyrk Ashton, David Estes","",B0CM57D2BP,digital,"","","","","","","","","","","","","","","","","self-pub, progression-fantasy",No
Snow Crash,Neal Stephenson,"",9780553351927,paperback,"","","","","","","","","","","","","","","","",cyberpunk,No
Mona Lisa Overdrive,William Gibson,"",9780553281743,paperback,"","","","","","","","","","","","","","","","",cyberpunk,No
Iron Truth,S.A. Tholin,"",B07BJNM59W,digital,"","","","","","","","","","","","","","","","",self-pub,No
A Song for the Void,Andrew C. Piazza,"",B08D59S9HR,digital,"","","","","","","","","","","","","","","","","self-pub, cosmic-horror",No
Magic Bites,Ilona Andrews,"",9781429569835,digital,"","","","","","","","","","","","","","","","",urban-fantasy,No
City of Last Chances,Adrian Tchaikovsky,"",9781801108447,paperback,"","","","","","","","","","","","","","","","","heist, urban-fantasy, political-intrigue",No
Deathless Beast,Andrew D. Meredith,"",9781088058114,paperback,"","","","","","","","","","","","","","","","",self-pub,No
Pattern Recognition,William Gibson,"",9780425198681,paperback,"","","","","","","","","","","","","","","","",cyberpunk,No
The Helm of Midnight,Marina J. Lostetter,"",9781250757050,hardcover,"","","","","","","","","","","","","","","","","heist, urban-fantasy",No
Red Mars,Kim Stanley Robinson,"",9780553560732,paperback,"","","","","","","","","","","","","","","","","competence, near-future",No
Shadows Upon Time,Christopher Ruocchio,"",9780756420017,digital,"","","","","","","","","","","","","","","","",space-opera,No
Untethered Sky,Fonda Lee,"",9781250842466,hardcover,"","","","","","","","","","","","","","","","",non-western-fantasy,No
The Whisper that Replaced God,Timothy Wolff,"",B0D8XS2Z6D,digital,"","","","","","","","","","","","","","","","","self-pub, cosmic-horror",No
Recursion,Blake Crouch,"",9781524759780,hardcover,"","","","","","","","","","","","","","","","",time-travel,Yes
Paternus: Rise of Gods,Dyrk Ashton,"",B01CXPD8T4,digital,"","","","","","","","","","","","","","","","","self-pub, monster-hunting",Yes
A Bird Among Wolves ,Tracy Leonard Nakatani,"","",digital,"","","","","","","","","","","","","","","","","self-pub, monster-hunting",No
Seeds of War,João F. Silva,"",9781739365608,paperback,"","","","","","","","","","","","","","","","","self-pub, military",No
The Peacekeeper,B.L. Blanchard,"",9781542036511,paperback,"","","","","","","","","","","","","","","","",mystery,No
The Crimson Court,Brendan Noble,"","",digital,"","","","","","","","","","","","","","","","","self-pub, monster-hunting",No
20th Century Men,Deniz Camp,"Deniz Camp (Illustrator), S. Morian (Illustrator)",9781534324541,paperback,"","","","","","","","","","","","","","","","",post-apocalyptic,No
Day Zero,C. Robert Cargill,"",9780062405821,digital,"","","","","","","","","","","","","","","","",post-apocalyptic,No
Guns of the Dawn,Adrian Tchaikovsky,"",9781447272670,hardcover,"","","","","","","","","","","","","","","","",military,No
"Blame!, Vol. 1",Tsutomu Nihei,"",9781595328342,paperback,"","","","","","","","","","","","","","","","",cyberpunk,No
The City of Brass,Shannon Chakraborty,"",9780062678102,hardcover,"","","","","","","","","","","","","","","","",non-western-fantasy,No
Stormblood,Jeremy Szal,"",9781473227415,hardcover,"","","","","","","","","","","","","","","","","military, cyberpunk",No
The Dog Stars,Peter Heller,"",9780307959942,hardcover,"","","","","","","","","","","","","","","","","post-apocalyptic, survival",No
Gardens of the Moon,Steven Erikson,"",,paperback,"","","","","","","","","","","","","","","","",epic,No
Cryptonomicon,Neal Stephenson,"",0060512806,paperback,"","","","","","","","","","","","","","","","",competence,No
Ascendant,Michael R. Miller,"",9781913695040,paperback,"","","","","","","","","","","","","","","","","self-pub, dragon-rider",No
Our Lady of the Artilects,Andrew Gillsmith,"",9798819594711,paperback,"","","","","","","","","","","","","","","","","self-pub, near-future",No
Sandman Slim,Richard Kadrey,"",9780061714306,hardcover,"","","","","","","","","","","","","","","","",urban-fantasy,No
Daemon,Daniel Suarez,"",9780451228734,paperback,"","","","","","","","","","","","","","","","",cyberpunk,No
The Automaton,Ian Young,"",9798986671000,digital,"","","","","","","","","","","","","","","","","self-pub, post-apocalyptic",No
The Last Shield,Cameron Johnston,"",9781915998033,paperback,"","","","","","","","","","","","","","","","",heist,No
Cat's Cradle,Kurt Vonnegut,"",9780385333481,paperback,"","","","","","","","","","","","","","","","",near-future,Yes
Delta-V,Daniel Suarez,"",9781524742416,hardcover,"","","","","","","","","","","","","","","","",survival,No
"Eden: It's an Endless World, Vol. 1",Hiroki Endo,"",9781593074067,paperback,"","","","","","","","","","","","","","","","",cyberpunk,No
All You Need Is Kill,Hiroshi Sakurazaka,Alexander O. Smith (Translator),9781421527611,paperback,"","","","","","","","","","","","","","","","","military, time-travel",No
The Pariah,Anthony Ryan,"",9780316430760,paperback,"","","","","","","","","","","","","","","","",epic,No
The Lies of Locke Lamora,Scott Lynch,"",9780553588941,paperback,"","","","","","","","","","","","","","","","",heist,No
The Ferryman,Justin Cronin,"",9780525619475,hardcover,"","","","","","","","","","","","","","","","",post-apocalyptic,No
Mercy: Tears of the Fallen,Chance Dillon,"",9798218665876,digital,"","","","","","","","","","","","","","","","",self-pub,No
Foundryside,Robert Jackson Bennett,"",9781524760366,hardcover,"","","","","","","","","","","","","","","","","heist, urban-fantasy",Yes
Aching God,Mike Shel,"",9781985746152,paperback,"","","","","","","","","","","","","","","","",monster-hunting,No
The Sound of Starfall,Scott Palmer,"","",digital,"","","","","","","","","","","","","","","","",self-pub,No
Seveneves,Neal Stephenson,"",9780062190376,hardcover,"","","","","","","","","","","","","","","","",competence,Yes
Small Miracles,Olivia Atwater,"",9781777688066,digital,"","","","","","","","","","","","","","","","",self-pub,No
Leviathan Wakes,James S.A. Corey,"",9781841495,paperback,"","","","","","","","","","","","","","","","","space-opera, first-contact",Yes
Warcross,Marie Lu,"",9780399547966,hardcover,"","","","","","","","","","","","","","","","",cyberpunk,No
"Prisoners of the Castle: An Epic Story of Survival and Escape from Colditz, the Nazis' Fortress Prison",Ben Macintyre,"",9780593136331,hardcover,"","","","","","","","","","","","","","","","",survival,No
Illborn,Daniel T. Jackson,"",9781800462823,paperback,"","","","","","","","","","","","","","","","",epic,No
Last Train to Istanbul,Ayşe Kulin,John W. Baker (Translator),B00BJ8YD78,digital,"","","","","","","","","","","","","","","","","",Yes
"Cthulhu, Private Investigator",Dennis Liggio,"",,digital,"","","","","","","","","","","","","","","","","",Yes
Histaff,Andries Louws,"",,,"","","","","","","","","","","","","","","","","",Yes
Foundling Wizard,James A. Eggebeen,"",,digital,"","","","","","","","","","","","","","","","","",Yes
The Poppy War,R.F. Kuang,"",9780062662590,digital,"","","","","","","","","","","","","","","","","",Yes
Ship of Smoke and Steel,Django Wexler,"",9780765397263,digital,"","","","","","","","","","","","","","","","","",Yes
Tallrock: A Fantasy LitRPG Adventure,Xander Boyce,"",9781950914944,paperback,"","","","","","","","","","","","","","","","","",Yes
A Threat of Shadows,J.A. Andrews,"",,digital,"","","","","","","","","","","","","","","","","",Yes
Nightsworn,Casey White,"","",,"","","","","","","","","","","","","","","","","",Yes
The Black Prism,Brent Weeks,"",,,"","","","","","","","","","","","","","","","","",Yes
Mythian,John L. Monk,"",,,"","","","","","","","","","","","","","","","","",Yes
The Righteous Mind: Why Good People Are Divided by Politics and Religion,Jonathan Haidt,"",9780307907035,digital,"","","","","","","","","","","","","","","","","",Yes
Ranger's Oath,Blake Arthur Peel,"",,hardcover,"","","","","","","","","","","","","","","","","",Yes
Devolution: A Firsthand Account of the Rainier Sasquatch Massacre,Max Brooks,"",9781984826787,hardcover,"","","","","","","","","","","","","","","","","",Yes
The Color of Magic,Terry Pratchett,"",9780060855925,paperback,"","","","","","","","","","","","","","","","","",Yes
Wraithblade,S.M. Boyce,"",,digital,"","","","","","","","","","","","","","","","","",Yes
Weird Theology,Alex Raizman,"",,,"","","","","","","","","","","","","","","","","",Yes
Chaos Rising,Timothy Zahn,"",9780593157688,hardcover,"","","","","","","","","","","","","","","","","",Yes
The Dragon Keeper,Robin Hobb,"",9780007273744,hardcover,"","","","","","","","","","","","","","","","","",Yes
The Glass Dagger,M.D. Presley,"",,digital,"","","","","","","","","","","","","","","","","",Yes
Cold From The North,D.W. Ross,"",B08NGPZLHY,digital,"","","","","","","","","","","","","","","","","",Yes
Silvertongue,Casey White,"",B07NTR9YY4,digital,"","","","","","","","","","","","","","","","","",Yes
The Forever War,Joe Haldeman,"",9780060510862,paperback,"","","","","","","","","","","","","","","","","",Yes
Neverwhere,Neil Gaiman,"",9780060557812,paperback,"","","","","","","","","","","","","","","","","",Yes
Alliances,Timothy Zahn,"",9781984817617,hardcover,"","","","","","","","","","","","","","","","","",Yes
The Priory of the Orange Tree,Samantha Shannon,"",9781635570298,hardcover,"","","","","","","","","","","","","","","","","",Yes
Paternus: Wrath of Gods,Dyrk Ashton,"",,,"","","","","","","","","","","","","","","","","",Yes
The Immortal Life of Henrietta Lacks,Rebecca Skloot,"",9781400052172,hardcover,"","","","","","","","","","","","","","","","","",Yes
How To: Absurd Scientific Advice for Common Real-World Problems,Randall Munroe,"",9780525537106,digital,"","","","","","","","","","","","","","","","","",Yes
Senlin Ascends,Josiah Bancroft,"",9780356510811,paperback,"","","","","","","","","","","","","","","","","",Yes
The Naturalist,Andrew Mayne,"",B01N1UN91W,digital,"","","","","","","","","","","","","","","","","",Yes
"The Book of Lost Tales, Part One","J.R.R. Tolkien, Christopher Tolkien","","",paperback,"","","","","","","","","","","","","","","","","",Yes
The Broken Kingdoms,N.K. Jemisin,"",9780316043960,paperback,"","","","","","","","","","","","","","","","","",Yes
Packing for Mars,Mary Roach,"",9780393068474,hardcover,"","","","","","","","","","","","","","","","","",Yes
Crimson Alliance,James A. Hunter,"",,digital,"","","","","","","","","","","","","","","","","",Yes
Dispel Illusion,Mark Lawrence,"",,digital,"","","","","","","","","","","","","","","","","",Yes
Jewel of the Endless Erg,John Bierce,"",,digital,"","","","","","","","","","","","","","","","","",Yes
Mercenary,Catherine Banks,"",9781946301079,paperback,"","","","","","","","","","","","","","","","","",Yes
Ascendant,Casey White,"","",,"","","","","","","","","","","","","","","","","",Yes
The Written,Ben Galley,"",9780956770028,digital,"","","","","","","","","","","","","","","","","",Yes
Unsouled,Will Wight,"",B01H1CYBS6,digital,"","","","","","","","","","","","","","","","","",Yes
Identity Revealed,J.M. Butler,"",194860101X,digital,"","","","","","","","","","","","","","","","","",Yes
Street Cultivation,Sarah Lin,"","",digital,"","","","","","","","","","","","","","","","","",Yes
Into the Light,Christopher Johns,"",,digital,"","","","","","","","","","","","","","","","","",Yes
Web of Eyes,"Jaime Castle, Rhett C. Bruno","",B07JZGPLWG,digital,"","","","","","","","","","","","","","","","","",Yes
Manic Monday,Dennis Liggio,"",,,"","","","","","","","","","","","","","","","","",Yes
Son of a Liche,J. Zachary Pike,"",9781943363681,paperback,"","","","","","","","","","","","","","","","","",Yes
The History of Middle-earth Index,J.R.R. Tolkien,Christopher Tolkien,9780007365371,hardcover,"","","","","","","","","","","","","","","","","",Yes
The Eight,Katherine Neville,"",9780345366238,paperback,"","","","","","","","","","","","","","","","","",Yes
Anansi Boys,Neil Gaiman,"",9780060515195,paperback,"","","","","","","","","","","","","","","","","",Yes
Uncrowned,Will Wight,"",B07X8ZH6BS,digital,"","","","","","","","","","","","","","","","","",Yes
The Kingdom of Gods,N.K. Jemisin,"",9781841498195,paperback,"","","","","","","","","","","","","","","","","",Yes
The King's Ranger,A.C. Cobble,"",,digital,"","","","","","","","","","","","","","","","","",Yes
This Is Your Brain on Music: The Science of a Human Obsession ,Daniel J. Levitin,"",9781101218914,digital,"","","","","","","","","","","","","","","","","",Yes
A Drink Before the War,Dennis Lehane,"",9780156029025,paperback,"","","","","","","","","","","","","","","","","",Yes
Realm of Beasts,Angela J. Ford,"",,digital,"","","","","","","","","","","","","","","","","",Yes
Six of Crows,Leigh Bardugo,"",9781627795227,digital,"","","","","","","","","","","","","","","","","",Yes
The Imbued Lockblade,M.D. Presley,"",,digital,"","","","","","","","","","","","","","","","","",Yes
Dungeon Born,Dakota Krout,"","",,"","","","","","","","","","","","","","","","","",Yes
The Guest List,Lucy Foley,"",9780062868930,hardcover,"","","","","","","","","","","","","","","","","",Yes
"Heroes: Mortals and Monsters, Quests and Adventures",Stephen Fry,"",9780241380376,paperback,"","","","","","","","","","","","","","","","","",Yes
A Darker Shade of Magic,V.E. Schwab,"",9780765376459,hardcover,"","","","","","","","","","","","","","","","","",Yes
The Burning God,R.F. Kuang,"",9780008339142,hardcover,"","","","","","","","","","","","","","","","","",Yes
Red Country,Joe Abercrombie,"",9780316187213,hardcover,"","","","","","","","","","","","","","","","","",Yes
Something,Dakota Krout,"",B08GPP5KN1,digital,"","","","","","","","","","","","","","","","","",Yes
Fool's Assassin,Robin Hobb,"","",paperback,"","","","","","","","","","","","","","","","","",Yes
The Gate Beyond Oblivion,Ryan Kirk,"",9781732572973,paperback,"","","","","","","","","","","","","","","","","",Yes
The Yoga of Strength,Andrew Marc Rowe,"",,,"","","","","","","","","","","","","","","","","",Yes
Tribute at the Gates: An Epic Fantasy Saga (Catalyst Book 1),C.J. Aaron,"",,,"","","","","","","","","","","","","","","","","",Yes
The Book of Dragons,Jonathan Strahan,"",9780062877161,hardcover,"","","","","","","","","","","","","","","","","",Yes
Battle Spire,Michael R. Miller,"",,digital,"","","","","","","","","","","","","","","","","",Yes
The Complete Sherlock Holmes,"Arthur Conan Doyle, Robert Ryan","","",,"","","","","","","","","","","","","","","","","",Yes
City of Light,Will Wight,"",,,"","","","","","","","","","","","","","","","","",Yes
Beer Tasting Quick Reference Guide,Jeff Alworth,"",978145211395,digital,"","","","","","","","","","","","","","","","","",Yes
"The Return of the Shadow: The History of The Lord of the Rings, Part One","J.R.R. Tolkien, Christopher Tolkien","",061808357X,paperback,"","","","","","","","","","","","","","","","","",Yes
Mageblood,Christopher Johns,"",,,"","","","","","","","","","","","","","","","","",Yes
The Fall of Gondolin,J.R.R. Tolkien,"Alan Lee (Illustrator), Christopher Tolkien (Contributor)",9781328613042,hardcover,"","","","","","","","","","","","","","","","","",Yes
Charred,Casey White,"","",,"","","","","","","","","","","","","","","","","",Yes
Smoke & Summons,Charlie N. Holmberg,"","",paperback,"","","","","","","","","","","","","","","","","",Yes
Axiom,"Dakota Krout, Dennis Vanderkerken","",B07ZXLHMHK,digital,"","","","","","","","","","","","","","","","","",Yes
Last Chance to See,"Douglas Adams, Mark Carwardine","","",paperback,"","","","","","","","","","","","","","","","","",Yes
The Crimson Queen,Alec Hutson,"",B01MRTK9NF,digital,"","","","","","","","","","","","","","","","","",Yes
Grayhold,Troy Osgood,"",,,"","","","","","","","","","","","","","","","","",Yes
Blackflame,Will Wight,"","",digital,"","","","","","","","","","","","","","","","","",Yes
Siphon,Jay Boyce,"",B07HFGBXFV,digital,"","","","","","","","","","","","","","","","","",Yes
Shields in Shadow,Andy Peloquin,"","",digital,"","","","","","","","","","","","","","","","","",Yes
What If? 2: Additional Serious Scientific Answers to Absurd Hypothetical Questions,Randall Munroe,"",9780525537113,hardcover,"","","","","","","","","","","","","","","","","",Yes
Life at the End of the Road,Rey S. Morfin,"",,,"","","","","","","","","","","","","","","","","",Yes
Party Hard,David Petrie,"",9781724110282,paperback,"","","","","","","","","","","","","","","","","",Yes
A Sellsword's Compassion,Jacob Peppers,"",9781549965555,paperback,"","","","","","","","","","","","","","","","","",Yes
The Way of Shadows,Brent Weeks,"","",paperback,"","","","","","","","","","","","","","","","","",Yes
Whisky: The Manual,Dave Broom,"",9781845337551,hardcover,"","","","","","","","","","","","","","","","","",Yes
Dead God's Due,Matthew P. Gilbert,"",,,"","","","","","","","","","","","","","","","","",Yes
Hyperion,Dan Simmons,"",0553283685,paperback,"","","","","","","","","","","","","","","","","",Yes
The War of the Ring,"J.R.R. Tolkien, Christopher Tolkien","","",,"","","","","","","","","","","","","","","","","",Yes
Clovir: An Overture,Andrew Marc Rowe,"",,,"","","","","","","","","","","","","","","","","",Yes
Benjamin Ashwood,A.C. Cobble,"",9781947683006,paperback,"","","","","","","","","","","","","","","","","",Yes
Soulsmith,Will Wight,"",B01M09PWJQ,digital,"","","","","","","","","","","","","","","","","",Yes
The War of the Ring,"J.R.R. Tolkien, Christopher Tolkien","","",paperback,"","","","","","","","","","","","","","","","","",Yes
Skysworn,Will Wight,"",9781959001010,paperback,"","","","","","","","","","","","","","","","","",Yes
"Sauron Defeated: The History of The Lord of the Rings, Part Four","J.R.R. Tolkien, Christopher Tolkien","","",,"","","","","","","","","","","","","","","","","",Yes
Arkton At High Noon,Francis James Blair,"",,digital,"","","","","","","","","","","","","","","","","",Yes
As I Was on My Way to Strawberry Fair,Raymond St. Elmo,"",,,"","","","","","","","","","","","","","","","","",Yes
Shadow and Bone,Leigh Bardugo,"",9781250027436,paperback,"","","","","","","","","","","","","","","","","",Yes
Thorn of the Night Blossoms: A Legends of Tivara Story,J.C. Kang,"",B08K7LKHJ3,digital,"","","","","","","","","","","","","","","","","",Yes
God of Gnomes,Demi Harper,"",9781999666057,paperback,"","","","","","","","","","","","","","","","","",Yes
Advent,Xander Boyce,"",B07HMLK6JP,digital,"","","","","","","","","","","","","","","","","",Yes
Quill,A.C. Cobble,"",B07QK7LJR9,digital,"","","","","","","","","","","","","","","","","",Yes
Mythos: The Greek Myths Retold,Stephen Fry,"",9780718188726,hardcover,"","","","","","","","","","","","","","","","","",Yes
House of Blades,Will Wight,"",,,"","","","","","","","","","","","","","","","","",Yes
Unknown Horizons,Casey White,"",,digital,"","","","","","","","","","","","","","","","","",Yes
Beneath the Fallen City,Jamie A. Waters,"",B07DNPSF1V,digital,"","","","","","","","","","","","","","","","","",Yes
Paternus: War of Gods,Dyrk Ashton,"","",,"","","","","","","","","","","","","","","","","",Yes
The War of the Worlds,H.G. Wells,"",9780375759239,paperback,"","","","","","","","","","","","","","","","","",Yes
The Magicians,Lev Grossman,"","",paperback,"","","","","","","","","","","","","","","","","",Yes
A Wizard's Guide to Defensive Baking,T. Kingfisher,"",9781614505242,paperback,"","","","","","","","","","","","","","","","","",Yes
Morgoth's Ring,"J.R.R. Tolkien, Christopher Tolkien","",,,"","","","","","","","","","","","","","","","","",Yes
Season One: A Survival LitRPG Battle Royale (Bloodgames Book 1),Christian J. Gilliland,"",,,"","","","","","","","","","","","","","","","","",Yes
Chaos: Making a New Science ,James Gleick,"",9780140092509,paperback,"","","","","","","","","","","","","","","","","",Yes
Of Dawn and Darkness,Will Wight,"",B01915038I,digital,"","","","","","","","","","","","","","","","","",Yes
One Woke Up,Lee Gaiteri,"",,,"","","","","","","","","","","","","","","","","",Yes
Underlord,Will Wight,"",B07NJ3B6HN,digital,"","","","","","","","","","","","","","","","","",Yes
Sanyare: The Last Descendant,Megan Haskell,"",9780986408328,paperback,"","","","","","","","","","","","","","","","","",Yes
Shadows of Ivory,"Bryce O'Connor, T.L. Greylock","",9780999192023,paperback,"","","","","","","","","","","","","","","","","",Yes
Of Darkness and Dawn,Will Wight,"",B013Q4KQZA,digital,"","","","","","","","","","","","","","","","","",Yes
Ghostwater,Will Wight,"",9781959001027,paperback,"","","","","","","","","","","","","","","","","",Yes
The Jade Lord,James A. Hunter,"","",digital,"","","","","","","","","","","","","","","","","",Yes
The Silver Sorceress,Alec Hutson,"",,digital,"","","","","","","","","","","","","","","","","",Yes
The Combat Codes,Alexander Darwin,"",9781517765064,paperback,"","","","","","","","","","","","","","","","","",Yes
Dungeons of Strata,G.D. Penman,"","",,"","","","","","","","","","","","","","","","","",Yes
Sharp Ends,Joe Abercrombie,"",,,"","","","","","","","","","","","","","","","","",Yes
The Heresy Within,Rob J. Hayes,"",B0728DQVP5,digital,"","","","","","","","","","","","","","","","","",Yes
I Kill Monsters,Dennis Liggio,"",B00RPK225O,digital,"","","","","","","","","","","","","","","","","",Yes
Deathless,Rob J. Hayes,"","",digital,"","","","","","","","","","","","","","","","","",Yes
Shadow of a Dead God: A Mennik Thorn Novel,Patrick Samphire,"",,,"","","","","","","","","","","","","","","","","",Yes
A Mark of Kings,"Luke Chmilenko, Bryce O'Connor","",9780998810690,paperback,"","","","","","","","","","","","","","","","","",Yes
The Swordsman's Intent: A Royal Champion Novella,G.M. White,"",,digital,"","","","","","","","","","","","","","","","","",Yes
A Traitor in Skyhold,John Bierce,"",9781081898038,paperback,"","","","","","","","","","","","","","","","","",Yes
Beren and Lúthien,J.R.R. Tolkien,"",B01MG2HOWD,digital,"","","","","","","","","","","","","","","","","",Yes
Flameborn,Jamel Cato,"",,,"","","","","","","","","","","","","","","","","",Yes
The Girl and the Stars,Mark Lawrence,"","",,"","","","","","","","","","","","","","","","","",Yes
Wild Cards,George R.R. Martin,"Roger Zelazny, Melinda M. Snodgrass, Edward Bryant, Brian Bolland (Illustrator), Walter Jon Williams, John J. Miller, Lewis Shiner, Leanne C. Harper, Mike Zeck (Illustrator), Stephen Leigh, Howard Waldrop, Victor Milán",9781596872820,paperback,"","","","","","","","","","","","","","","","","",Yes
A River in Darkness: One Man's Escape from North Korea,Masaji Ishikawa,"Martin Brown (Translator), Risa Kobayashi (Translator)",9781542047197,paperback,"","","","","","","","","","","","","","","","","",Yes
The Shaping of Middle-Earth,"J.R.R. Tolkien, Christopher Tolkien","",9780261102187,paperback,"","","","","","","","","","","","","","","","","",Yes
Limited Wish,Mark Lawrence,"",,digital,"","","","","","","","","","","","","","","","","",Yes
Occultist,Oliver Mayes,"",,digital,"","","","","","","","","","","","","","","","","",Yes
Forging Divinity,Andrew Rowe,"","",digital,"","","","","","","","","","","","","","","","","",Yes
The Shattered Sword,TJ Reynolds,"",B086BKK1W3,digital,"","","","","","","","","","","","","","","","","",Yes
Cursed: An Anthology of Dark Fairy Tales,"Marie O'Regan, Paul Kane","Neil Gaiman, Jane Yolen, Charlie Jane Anders, Christopher Golden, M.R. Carey, Tim Lebbon, Jen Williams, Christopher Fowler, Alison Littlewood, Margo Lanagan, Karen Joy Fowler, Catriona Ward, Maura McHugh, Adam Stemple, James Brogden, Lilith Saintcrow, Christina Henry, Michael Marshall Smith, A.G. Slatter","",paperback,"","","","","","","","","","","","","","","","","",Yes
Chains of Blood,M.L. Spencer,"",9781951452957,hardcover,"","","","","","","","","","","","","","","","","",Yes
Lichgates,S.M. Boyce,"",193999733X,paperback,"","","","","","","","","","","","","","","","","",Yes
Sabriel,Garth Nix,"",9780061975134,digital,"","","","","","","","","","","","","","","","","",Yes
Into the Tall Grass,Alex Raizman,"",9798692203441,paperback,"","","","","","","","","","","","","","","","","",Yes
The Wolf & The Crow: Quintet,Dane Vale,Christine M. Scott (Illustrator),9781944286088,paperback,"","","","","","","","","","","","","","","","","",Yes
Hotel Sacher: A Novel,"Rodica Doehnert, Alison Layland","",,,"","","","","","","","","","","","","","","","","",Yes
The Narrows,Travis M. Riddle,"",,digital,"","","","","","","","","","","","","","","","","",Yes
Chosen,Casey White,"","",,"","","","","","","","","","","","","","","","","",Yes
Darkmage,M.L. Spencer,"",,,"","","","","","","","","","","","","","","","","",Yes
Grey Sister,Mark Lawrence,"",9780008152352,paperback,"","","","","","","","","","","","","","","","","",Yes
Parable of the Talents,Octavia E. Butler,"",9781472263650,paperback,"","","","","","","","","","","","","","","","","",Yes
Unfinished Tales of Númenor and Middle-Earth,J.R.R. Tolkien,Christopher Tolkien,9780261102156,hardcover,"","","","","","","","","","","","","","","","","",Yes
The Peoples of Middle-earth,"J.R.R. Tolkien, Christopher Tolkien","",,digital,"","","","","","","","","","","","","","","","","",Yes
The Blood-Tainted Winter,T.L. Greylock,"",9780996536615,digital,"","","","","","","","","","","","","","","","","",Yes
Fatemarked,David Estes,"",B01MTEK3NM,digital,"","","","","","","","","","","","","","","","","",Yes
Small Gods,Terry Pratchett,"Andy Serkis (Narrator), Peter Serafinowicz (Narrator), Bill Nighy (Narrator)",9781473588356,audio,"","","","","","","","","","","","","","","","","",Yes
The Song of the Ash Tree: The Complete Saga,T.L. Greylock,"","",,"","","","","","","","","","","","","","","","","",Yes
The Hunt for Red October,Tom Clancy,"",9780425172902,paperback,"","","","","","","","","","","","","","","","","",Yes
Network Effect,Martha Wells,"",9781250229861,hardcover,"","","","","","","","","","","","","","","","","",Yes
American Gods,Neil Gaiman,"","",paperback,"","","","","","","","","","","","","","","","","",Yes
The War of the Jewels,"J.R.R. Tolkien, Christopher Tolkien","",,digital,"","","","","","","","","","","","","","","","","",Yes
Partisans: The Conservative Revolutionaries Who Remade American Politics in the 1990s,Nicole Hemmer,"",9781541646889,hardcover,"","","","","","","","","","","","","","","","","",Yes
The Ocean at the End of the Lane,Neil Gaiman,"",9780062255655,hardcover,"","","","","","","","","","","","","","","","","",Yes
Assassin's Apprentice - Illustrated Edition,Robin Hobb,Magali Villeneuve (Illustrator),9780553897487,digital,"","","","","","","","","","","","","","","","","",Yes
Jonathan Strange & Mr Norrell,Susanna Clarke,"",9780765356154,paperback,"","","","","","","","","","","","","","","","","",Yes
Lost Moon,"Jim Lovell, Jeffrey Kluger","",9780395670293,hardcover,"","","","","","","","","","","","","","","","","",Yes
The Delivery of Flesh,Francis James Blair,"",,digital,"","","","","","","","","","","","","","","","","",Yes
To Kill a Mockingbird,Harper Lee,"",9780060935467,paperback,"","","","","","","","","","","","","","","","","",Yes
Stranger in a Strange Land,Robert A. Heinlein,"",9780143111627,hardcover,"","","","","","","","","","","","","","","","","",Yes
The City We Became,N.K. Jemisin,Robin Miles (Narrator),9781549157271,audio,"","","","","","","","","","","","","","","","","",Yes
The Reborn King,Michael R. Miller,"",B06WRVZLJ2,digital,"","","","","","","","","","","","","","","","","",Yes
Cataclysm,James A. Hunter,"",,digital,"","","","","","","","","","","","","","","","","",Yes
Barrow King,C.M. Carney,"",,digital,"","","","","","","","","","","","","","","","","",Yes
The Mountain in the Sea,Ray Nayler,"",9780374605957,hardcover,"","","","","","","","","","","","","","","","","",Yes
Of Blood and Steel,Seymour Zeynalli,"",B08636PF4N,digital,"","","","","","","","","","","","","","","","","",Yes
A Time of Dread,John Gwynne,"",9781509812943,hardcover,"","","","","","","","","","","","","","","","","",Yes
Acadie,Dave Hutchinson,"",9780765398253,digital,"","","","","","","","","","","","","","","","","",Yes
Assassins of Brush and Blade,J.C. Kang,"",,digital,"","","","","","","","","","","","","","","","","",Yes
Aching God,Mike Shel,"","",digital,"","","","","","","","","","","","","","","","","",Yes
The Right Stuff,Tom Wolfe,"",,,"","","","","","","","","","","","","","","","","",Yes
The Message,Ta-Nehisi Coates,"",9780593230381,hardcover,"","","","","","","","","","","","","","","","","",Yes
Heroes Wanted: A Fantasy Anthology,"Dyrk Ashton, Daniel Potter, M.D. Presley, Joe Jackson, Ben Galley, Phil Tucker, J.C. Kang, Will Wight, Mike Shel, Laura M. Hughes, K.S. Villoso, Jeramy Goble, Matt Moss, David Benem, Michael J. Sullivan, Jeffrey Hall","",1713321831,digital,"","","","","","","","","","","","","","","","","",Yes
A Dark Lure,Loreth Anne White,"",9781477828731,paperback,"","","","","","","","","","","","","","","","","",Yes
Taika Town,Drew Montgomery,"",9781726805810,paperback,"","","","","","","","","","","","","","","","","",Yes
A Power Renewed,Robert W. Ross,"","",paperback,"","","","","","","","","","","","","","","","","",Yes
Where Loyalties Lie,Rob J. Hayes,"",B071D6KB7D,digital,"","","","","","","","","","","","","","","","","",Yes
The Dragon Republic,R.F. Kuang,"",9780062662613,digital,"","","","","","","","","","","","","","","","","",Yes
The Pauper Prince and the Eucalyptus Jinn,Usman T. Malik,"",9781466886513,digital,"","","","","","","","","","","","","","","","","",Yes
Watcher's Test,Sean Oswald,"",,,"","","","","","","","","","","","","","","","","",Yes
Song of Edmon,Adam Burch,"",,,"","","","","","","","","","","","","","","","","",Yes
The Hundred Thousand Kingdoms,N.K. Jemisin,"",9780316043915,paperback,"","","","","","","","","","","","","","","","","",Yes
"A Lonely World Where The People Are Blue (A Galaxy, Alive: Book 1)",Rey S. Morfin,"",,audio,"","","","","","","","","","","","","","","","","",Yes
Forged in Shadow,Megan Haskell,"",,,"","","","","","","","","","","","","","","","","",Yes
Between Starfalls,S. Kaeth,"",,digital,"","","","","","","","","","","","","","","","","",Yes
The Brightest Shadow,Sarah Lin,"",B0856ZMG9Z,digital,"","","","","","","","","","","","","","","","","",Yes
Curse Of The Daemon Beast,Francis James Blair,"","",digital,"","","","","","","","","","","","","","","","","",Yes
Scythe,Neal Shusterman,"",1406379247,paperback,"","","","","","","","","","","","","","","","","",Yes
The Five Warriors,Angela J. Ford,"",,,"","","","","","","","","","","","","","","","","",Yes
Ritualist,Dakota Krout,"",B07B27XQLF,digital,"","","","","","","","","","","","","","","","","",Yes
The Lost City of Ithos,John Bierce,"",9798675092659,paperback,"","","","","","","","","","","","","","","","","",Yes
Dark Matter,Blake Crouch,"",9781447297550,digital,"","","","","","","","","","","","","","","","","",Yes
Fool's Errand,Robin Hobb,"",9780006486015,paperback,"","","","","","","","","","","","","","","","","",Yes
Emerald Helm: Tales Of Courtly Valour I,Andrew Marc Rowe,"",9781777106966,paperback,"","","","","","","","","","","","","","","","","",Yes
The Swordsman's Lament (The Royal Champion Book 1),G.M. White,"",,paperback,"","","","","","","","","","","","","","","","","",Yes
Ready Player One,Ernest Cline,"",9780307887436,hardcover,"","","","","","","","","","","","","","","","","",Yes
Still Waters,Viveca Sten,Marlaine Delargy (Translator),9781503945708,paperback,"","","","","","","","","","","","","","","","","",Yes
Bloody Rose,Nicholas Eames,"",9780356509044,paperback,"","","","","","","","","","","","","","","","","",Yes
Chasing Graves,Ben Galley,"","",digital,"","","","","","","","","","","","","","","","","",Yes
The Library,Casey White,"",9798669516680,digital,"","","","","","","","","","","","","","","","","",Yes
Sword of the Scarred: Book One of the Scarred World Saga,Jeffrey Hall,"",9798676532222,paperback,"","","","","","","","","","","","","","","","","",Yes
The Immortal War (Dathen Legends Book 1),N.J. Franco,"",,digital,"","","","","","","","","","","","","","","","","",Yes
One Word Kill,Mark Lawrence,"",1503903265,digital,"","","","","","","","","","","","","","","","","",Yes
The Woven Ring,M.D. Presley,"",,digital,"","","","","","","","","","","","","","","","","",Yes
Origin,Dan Brown,"",9780385514231,hardcover,"","","","","","","","","","","","","","","","","",Yes
Demon,Rob J. Hayes,"","",digital,"","","","","","","","","","","","","","","","","",Yes
Of Kings and Killers,Will Wight,"",0999851195,paperback,"","","","","","","","","","","","","","","","","",Yes
Blood for Blood,Victoria Selman,"",,paperback,"","","","","","","","","","","","","","","","","",Yes
King's League,"Jason Anspach, J.N. Chaney","",B09BQ2C5SS,digital,"","","","","","","","","","","","","","","","","",Yes
Promise of Blood,Brian McClellan,"",9780316219037,hardcover,"","","","","","","","","","","","","","","","","",Yes
Rise of the Dragon Queen (Legends of Ethota #1),Darrah Steffen,"","",paperback,"","","","","","","","","","","","","","","","","",Yes
The Wrack,John Bierce,"",B086WLH8TW,digital,"","","","","","","","","","","","","","","","","",Yes
Smoke and Mirrors: Short Fiction and Illusions,Neil Gaiman,"",0380789027,paperback,"","","","","","","","","","","","","","","","","",Yes
Chaos Trims My Beard,Brett Herman,"",,digital,"","","","","","","","","","","","","","","","","",Yes
"Balam, Spring",Travis M. Riddle,"",,,"","","","","","","","","","","","","","","","","",Yes
The Light of the Fireflies,Paul Pen,Simon Bruni (Translator),B016A31ZWC,digital,"","","","","","","","","","","","","","","","","",Yes
"Fatedancer (Books of the Ascendant, #1)",Francis James Blair,"",,digital,"","","","","","","","","","","","","","","","","",Yes
Windward,S. Kaeth,"",,,"","","","","","","","","","","","","","","","","",Yes
Foundation,Isaac Asimov,"",9780553803716,hardcover,"","","","","","","","","","","","","","","","","",Yes
Awakened - Book One of The Quintessence: Crucible: (An Epic Cultivation LitRPG Saga),C.M. Carney,"",,,"","","","","","","","","","","","","","","","","",Yes
The Two Week Curse,Michael Chatfield,"",B07F7QQGZ9,digital,"","","","","","","","","","","","","","","","","",Yes
Under Alien Skies: A Sightseer's Guide to the Universe,Philip Plait,"",9780393867305,hardcover,"","","","","","","","","","","","","","","","","",Yes
"The Book of Lost Tales, Part Two","J.R.R. Tolkien, Christopher Tolkien","",,paperback,"","","","","","","","","","","","","","","","","",Yes
The Lost Road and Other Writings,"J.R.R. Tolkien, Christopher Tolkien","",,,"","","","","","","","","","","","","","","","","",Yes
Below,Lee Gaiteri,"",,,"","","","","","","","","","","","","","","","","",Yes
Of Sea and Shadow,Will Wight,Travis Baldree (Narrator),B081ZD3M4C,audio,"","","","","","","","","","","","","","","","","",Yes
Child of the Daystar,Bryce O'Connor,"","",digital,"","","","","","","","","","","","","","","","","",Yes
Pawn's Gambit,Rob J. Hayes,Kim Bretton (Narrator),B09BBP1QYR,audio,"","","","","","","","","","","","","","","","","",Yes
To Kill a Fae,Jamie A. Waters,"","",digital,"","","","","","","","","","","","","","","","","",Yes
Equalize,Ryan DeBruyn,"",,,"","","","","","","","","","","","","","","","","",Yes
Darkblade Avenger: Defenders of Legend Omnibus 1,Andy Peloquin,"",,,"","","","","","","","","","","","","","","","","",Yes
The Empress of Salt and Fortune,Nghi Vo,"",9781250750297,digital,"","","","","","","","","","","","","","","","","",Yes
Faithful Place,Tana French,"",9780670021871,hardcover,"","","","","","","","","","","","","","","","","",Yes
The Unbroken Line of the Moon,"Johanne Hildebrandt, Tara Chace","",,digital,"","","","","","","","","","","","","","","","","",Yes
The Gray House,Mariam Petrosyan,Yuri Machkasov (Translator),9781503942813,paperback,"","","","","","","","","","","","","","","","","",Yes
Bibliomancer,"Dakota Krout, James A. Hunter","",B07VFHH2N1,digital,"","","","","","","","","","","","","","","","","",Yes
I Have No Mouth & I Must Scream,Harlan Ellison,"","",digital,"","","","","","","","","","","","","","","","","",Yes
The Wastes of Keldora: An Automation Crafting LitRPG Adventure (Factory of the Gods Book 1),Alex Raizman,"",B08FBP4TRD,digital,"","","","","","","","","","","","","","","","","",Yes
What We Owe the Future,William MacAskill,"",9781541618626,hardcover,"","","","","","","","","","","","","","","","","",Yes
Thrawn,Timothy Zahn,"",9780345511270,hardcover,"","","","","","","","","","","","","","","","","",Yes
The Lays of Beleriand,"J.R.R. Tolkien, Christopher Tolkien","",,,"","","","","","","","","","","","","","","","","",Yes
Gardens of Mist,Will Wight,"",,digital,"","","","","","","","","","","","","","","","","",Yes
The Blood Tartan,Raymond St. Elmo,"","",digital,"","","","","","","","","","","","","","","","","",Yes
When the Tiger Came Down the Mountain,Nghi Vo,"",9781250786135,paperback,"","","","","","","","","","","","","","","","","",Yes
Bloodline: Rise,Jonatan Håkansson,"",,,"","","","","","","","","","","","","","","","","",Yes
Animal Farm,George Orwell,Téa Obreht (Contributor),9780451526342,paperback,"","","","","","","","","","","","","","","","","",Yes
"Beowulf: A Translation and Commentary, together with Sellic Spell",Unknown,"J.R.R. Tolkien (Translator), Christopher Tolkien (Contributor)","",hardcover,"","","","","","","","","","","","","","","","","",Yes
Winter Harvest: A LitRPG Sci-Fi Adventure,Dawn Chapman,"",,,"","","","","","","","","","","","","","","","","",Yes
Changing Faces,Sarah Lin,"",,digital,"","","","","","","","","","","","","","","","","",Yes
Beneath Black Sails,Clare Sager,"","",digital,"","","","","","","","","","","","","","","","","",Yes
Tales from the Perilous Realm,J.R.R. Tolkien,Alan Lee (Illustrator),9780547154114,hardcover,"","","","","","","","","","","","","","","","","",Yes
